round,client_id,num_examples,fedavg_weight,final_weight,warmup,server_f1_source_round,client_score,raw_shap_weight,importance::BENIGN,previous_server_f1::BENIGN,similarity::BENIGN,client_validation_f1::BENIGN,gain::BENIGN,peer_count::BENIGN,comparable::BENIGN,importance::DDOS,previous_server_f1::DDOS,similarity::DDOS,client_validation_f1::DDOS,gain::DDOS,peer_count::DDOS,comparable::DDOS,importance::DOS,previous_server_f1::DOS,similarity::DOS,client_validation_f1::DOS,gain::DOS,peer_count::DOS,comparable::DOS,importance::MIRAI,previous_server_f1::MIRAI,similarity::MIRAI,client_validation_f1::MIRAI,gain::MIRAI,peer_count::MIRAI,comparable::MIRAI,importance::RECON,previous_server_f1::RECON,similarity::RECON,client_validation_f1::RECON,gain::RECON,peer_count::RECON,comparable::RECON,importance::SPOOFING,previous_server_f1::SPOOFING,similarity::SPOOFING,client_validation_f1::SPOOFING,gain::SPOOFING,peer_count::SPOOFING,comparable::SPOOFING,importance::WEB,previous_server_f1::WEB,similarity::WEB,client_validation_f1::WEB,gain::WEB,peer_count::WEB,comparable::WEB
1,1,515452,0.2,0.20293501400475566,0,0,0.5516511229933956,0.20451540616116254,0.14285714285714285,0.05,0.9038014753314747,0.3200522534291313,0.2700522534291313,4,1,0.14285714285714285,0.05,0.6684113067682369,0.7242018537590114,0.6742018537590113,4,1,0.14285714285714285,0.05,0.8553653730465669,0.46208615165539335,0.41208615165539336,4,1,0.14285714285714285,0.05,0.994657075424034,0.9376797698945349,0.8876797698945349,4,1,0.14285714285714285,0.05,0.9378306764848805,0.0,0.0,4,1,0.14285714285714285,0.05,0.963552866134439,0.4813050382560993,0.43130503825609934,4,1,0.14285714285714285,0.05,0.7348775835526148,0.08040201005025126,0.030402010050251255,4,1
1,2,515452,0.2,0.21084735383600384,0,0,0.5661052016771118,0.21668823667077514,0.14285714285714285,0.05,0.8789210898295133,0.35782279716866,0.30782279716866,4,1,0.14285714285714285,0.05,0.916322038203683,0.6032741205154998,0.5532741205154997,4,1,0.14285714285714285,0.05,0.805733824231026,0.7297464440321583,0.6797464440321582,4,1,0.14285714285714285,0.05,0.9950310881830926,0.9467253176930597,0.8967253176930596,4,1,0.14285714285714285,0.05,0.984537528812251,0.0206794682422452,0.0,4,1,0.14285714285714285,0.05,0.6901148684048182,0.5053981106612686,0.4553981106612686,4,1,0.14285714285714285,0.05,0.7154276225879519,0.012987012987012988,0.0,4,1
1,3,515452,0.2,0.22529194247265505,0,0,0.5905127362126366,0.23891068072716165,0.14285714285714285,0.05,0.9373060955352989,0.5241679210570329,0.4741679210570329,4,1,0.14285714285714285,0.05,0.681242945887663,0.718906972071529,0.6689069720715289,4,1,0.14285714285714285,0.05,0.7529668432494987,0.4208966283808818,0.37089662838088183,4,1,0.14285714285714285,0.05,0.9288912922632013,0.9366298607777245,0.8866298607777244,4,1,0.14285714285714285,0.05,0.9903698622197769,0.5365205843293492,0.48652058432934925,4,1,0.14285714285714285,0.05,0.8118146369606762,0.29581151832460734,0.24581151832460735,4,1,0.14285714285714285,0.05,0.8658607039827783,0.0,0.0,4,1
1,4,515452,0.2,0.20596721902665427,0,0,0.55728947994568,0.20918033696408347,0.14285714285714285,0.05,0.9011498917102382,0.5072490365204625,0.4572490365204625,4,1,0.14285714285714285,0.05,0.94519404347848,0.689833641404806,0.6398336414048059,4,1,0.14285714285714285,0.05,0.9361495400726507,0.2138200782268579,0.1638200782268579,4,1,0.14285714285714285,0.05,0.9744419513923654,0.9296251511487303,0.8796251511487303,4,1,0.14285714285714285,0.05,0.9371153759774983,0.5948696205215179,0.5448696205215179,4,1,0.14285714285714285,0.05,0.8992049421285112,0.0,0.0,4,1,0.14285714285714285,0.05,0.7275712223872475,0.0,0.0,4,1
1,5,515452,0.2,0.1549584706599313,0,0,0.43972666407349,0.13070533947681737,0.14285714285714285,0.05,0.8390972685234925,0.0,0.0,4,1,0.14285714285714285,0.05,0.8450897762220246,0.434318107489371,0.384318107489371,4,1,0.14285714285714285,0.05,0.8165776535124833,0.0,0.0,4,1,0.14285714285714285,0.05,0.9914892237536476,0.8850682995760716,0.8350682995760715,4,1,0.14285714285714285,0.05,0.9324183762100987,0.5194238323876037,0.4694238323876037,4,1,0.14285714285714285,0.05,0.835720550670582,0.0010712372790573112,0.0,4,1,0.14285714285714285,0.05,0.8075533586335651,0.0,0.0,4,1
2,1,515452,0.2,0.19648863080124973,0,1,0.39140566178558267,0.1714570307585681,0.0730071177052204,0.43828501775398804,0.9052280122751555,0.542513598625823,0.10422858087183501,4,1,0.03635219184816494,0.8802199881990136,0.8101352922676306,0.7209791547140945,0.0,4,1,0.12223349426542666,0.2617770691404551,0.888934901503895,0.32597350461661984,0.06419643547616471,4,1,0.03782724773230584,0.8458962202601018,0.9894261338492325,0.9417661097852028,0.095869889525101,4,1,0.2850448144021331,0.11225577264653641,0.8589091640456834,0.0,0.0,4,1,0.12555587525074885,0.25485008818342153,0.905605075032907,0.288496213487198,0.033646125303776475,4,1,0.3199792587960002,0.0,0.9526028717199657,0.11830985915492957,0.11830985915492957,4,1
2,2,515452,0.2,0.20457855054527307,0,1,0.40978976549487733,0.18454052748754038,0.0730071177052204,0.43828501775398804,0.9228377842844129,0.5300741554517989,0.09178913769781089,4,1,0.03635219184816494,0.8802199881990136,0.9212169811702152,0.6113566814008841,0.0,4,1,0.12223349426542666,0.2617770691404551,0.8104410315954602,0.7614399023794997,0.49966283323904453,4,1,0.03782724773230584,0.8458962202601018,0.980206103761325,0.9834834834834835,0.13758726322338166,4,1,0.2850448144021331,0.11225577264653641,0.842114404914335,0.005967180507210343,0.0,4,1,0.12555587525074885,0.25485008818342153,0.8382389496940372,0.2841369157158631,0.02928682753244155,4,1,0.3199792587960002,0.0,0.953024757879098,0.0625,0.0625,4,1
2,3,515452,0.2,0.22853276224250532,0,1,0.4911577087181924,0.25553026929049627,0.0730071177052204,0.43828501775398804,0.8440478918795941,0.5396432986049797,0.10135828085099169,4,1,0.03635219184816494,0.8802199881990136,0.6978674378629222,0.7340578224318228,0.0,4,1,0.12223349426542666,0.2617770691404551,0.8479874967488601,0.4656084656084656,0.20383139646801046,4,1,0.03782724773230584,0.8458962202601018,0.9847117828966768,0.9417661097852028,0.095869889525101,4,1,0.2850448144021331,0.11225577264653641,0.9937313439741082,0.5890274314214464,0.47677165877491,4,1,0.12555587525074885,0.25485008818342153,0.7957770242372437,0.29700390794615716,0.042153819762735634,4,1,0.3199792587960002,0.0,0.9428375362244047,0.0,0.0,4,1
2,4,515452,0.2,0.20521999587724332,0,1,0.43649953102027705,0.20534842337736073,0.0730071177052204,0.43828501775398804,0.977861226772458,0.519514472455649,0.08122945470166093,4,1,0.03635219184816494,0.8802199881990136,0.8805540745671265,0.6963838166845686,0.0,4,1,0.12223349426542666,0.2617770691404551,0.9193009306680897,0.13887619917770672,0.0,4,1,0.03782724773230584,0.8458962202601018,0.983078283966734,0.9381591562799616,0.0922629360198598,4,1,0.2850448144021331,0.11225577264653641,0.9581284338969903,0.5966029723991507,0.4843471997526143,4,1,0.12555587525074885,0.25485008818342153,0.9837616559922444,0.0,0.0,4,1,0.3199792587960002,0.0,0.721354169774428,0.0,0.0,4,1
2,5,515452,0.2,0.16518006053372863,0,1,0.4078630275650821,0.1831237490860346,0.0730071177052204,0.43828501775398804,0.8790898224481141,0.1673577082548059,0.0,4,1,0.03635219184816494,0.8802199881990136,0.779724573139577,0.4547426092911768,0.0,4,1,0.12223349426542666,0.2617770691404551,0.8928195371795152,0.0,0.0,4,1,0.03782724773230584,0.8458962202601018,0.997960383357297,0.9319875030040855,0.0860912827439837,4,1,0.2850448144021331,0.11225577264653641,0.9596934394486069,0.5363984674329502,0.42414269478641375,4,1,0.12555587525074885,0.25485008818342153,0.8283498061427433,0.0,0.0,4,1,0.3199792587960002,0.0,0.932258860126676,0.0,0.0,4,1
3,1,515452,0.2,0.20014955739077955,0,2,0.43908130200807816,0.21337187605079364,0.06650185314092402,0.5603155174758602,0.9136443252723062,0.5441550190597204,0.0,4,1,0.04155040435463702,0.8967907974547078,0.8519528222378596,0.734906037584966,0.0,4,1,0.15810470969788434,0.23567938189167753,0.9620864717403783,0.44169996367598985,0.20602058178431232,4,1,0.043890506161713014,0.848976772299456,0.996851655331842,0.9422985216976634,0.09332174939820737,4,1,0.17593406179219842,0.21179537308569565,0.8613039500414601,0.0,0.0,4,1,0.14139826229503819,0.26352530541012215,0.9949564297231326,0.39791218913110227,0.13438688372098012,4,1,0.372620202557605,0.0,0.9268237237252526,0.12260536398467432,0.12260536398467432,4,1
3,2,515452,0.2,0.20623146843434012,0,2,0.44158608913480657,0.21552042591102039,0.06650185314092402,0.5603155174758602,0.9194221335148421,0.5317352220103514,0.0,4,1,0.04155040435463702,0.8967907974547078,0.8765796695361225,0.6049425687434737,0.0,4,1,0.15810470969788434,0.23567938189167753,0.896360413815639,0.7245313773431132,0.4888519954514357,4,1,0.043890506161713014,0.848976772299456,0.9757042483384851,0.9469387755102041,0.0979620032107481,4,1,0.17593406179219842,0.21179537308569565,0.9442577455965351,0.18721872187218722,0.0,4,1,0.14139826229503819,0.26352530541012215,0.8776815705116942,0.2939189189189189,0.03039361350879677,4,1,0.372620202557605,0.0,0.9585552738440308,0.0,0.0,4,1
3,3,515452,0.2,0.22784832847987574,0,2,0.46888432427500815,0.24038664056472828,0.06650185314092402,0.5603155174758602,0.9070478501729562,0.5304964539007092,0.0,4,1,0.04155040435463702,0.8967907974547078,0.7342315397693405,0.7400122925629994,0.0,4,1,0.15810470969788434,0.23567938189167753,0.8973152440879457,0.483983286908078,0.24830390501640048,4,1,0.043890506161713014,0.848976772299456,0.9973767266371387,0.9425232530407822,0.09354648074132621,4,1,0.17593406179219842,0.21179537308569565,0.9592718993661712,0.6120033812341504,0.4002080081484548,4,1,0.14139826229503819,0.26352530541012215,0.9719496482904669,0.25518763796909494,0.0,4,1,0.372620202557605,0.0,0.9615904242929385,0.0,0.0,4,1
3,4,515452,0.2,0.19741493289194195,0,2,0.3793203028301698,0.16800479886088018,0.06650185314092402,0.5603155174758602,0.9688983780389294,0.5210368144252442,0.0,4,1,0.04155040435463702,0.8967907974547078,0.8930308775314757,0.693215859030837,0.0,4,1,0.15810470969788434,0.23567938189167753,0.8068447650212451,0.06711409395973154,0.0,4,1,0.043890506161713014,0.848976772299456,0.9824534156469634,0.9420186113099499,0.0930418390104939,4,1,0.17593406179219842,0.21179537308569565,0.9569628188017504,0.6030405405405406,0.39124516745484494,4,1,0.14139826229503819,0.26352530541012215,0.9565842248202168,0.0,0.0,4,1,0.372620202557605,0.0,0.7266557572680611,0.0,0.0,4,1
3,5,515452,0.2,0.16835571280306266,0,2,0.3713241517298257,0.1627162586125775,0.06650185314092402,0.5603155174758602,0.8348977586662492,0.12478485370051635,0.0,4,1,0.04155040435463702,0.8967907974547078,0.8561685505702389,0.6821917808219178,0.0,4,1,0.15810470969788434,0.23567938189167753,0.9560849501453431,0.0,0.0,4,1,0.043890506161713014,0.848976772299456,0.9947558485087802,0.9342643871899832,0.08528761489052716,4,1,0.17593406179219842,0.21179537308569565,0.9210807808432733,0.5142485361093039,0.30245316302360825,4,1,0.14139826229503819,0.26352530541012215,0.9342506726256896,0.0010712372790573112,0.0,4,1,0.372620202557605,0.0,0.910445971278005,0.0,0.0,4,1
4,1,515452,0.2,0.20112426563941088,0,3,0.450688569971202,0.20522859213264205,0.05102019630558076,0.6101245302483236,0.9327095703535373,0.3312602291325696,0.0,4,1,0.034582833759469814,0.9001192187032895,0.6638235880702819,0.7291504286827748,0.0,4,1,0.13841464592128758,0.22489436068652513,0.9304157733663884,0.3971201212580523,0.17222576057152716,4,1,0.036610452250757146,0.8502673796791443,0.9957110708057385,0.9422709923664122,0.09200361268726787,4,1,0.17287942822047223,0.1800600200066689,0.9458650659066294,0.0,0.0,4,1,0.2552057105012354,0.12197483059051308,0.8942713928093555,0.4953201604516417,0.3733453298611286,4,1,0.31128673304119714,0.0,0.9459394026708173,0.09454545454545454,0.09454545454545454,4,1
4,2,515452,0.2,0.21462149876586287,0,3,0.5026218024320639,0.25261267108628094,0.05102019630558076,0.6101245302483236,0.8307635097209249,0.36167922497308935,0.0,4,1,0.034582833759469814,0.9001192187032895,0.9469547990474949,0.6353257219610476,0.0,4,1,0.13841464592128758,0.22489436068652513,0.7947215263530472,0.7745176848874598,0.5496233242009346,4,1,0.036610452250757146,0.8502673796791443,0.9878955761321115,0.9857677902621723,0.13550041058302797,4,1,0.17287942822047223,0.1800600200066689,0.9684672092354807,0.17545454545454545,0.0,4,1,0.2552057105012354,0.12197483059051308,0.8926607449578878,0.5240087000167308,0.40203386942621777,4,1,0.31128673304119714,0.0,0.9562983596572212,0.08139534883720931,0.08139534883720931,4,1
4,3,515452,0.2,0.2248206267064084,0,3,0.4762437365627306,0.227316906515361,0.05102019630558076,0.6101245302483236,0.9023432327977599,0.5331429736895779,0.0,4,1,0.034582833759469814,0.9001192187032895,0.783485554558246,0.7379394930498774,0.0,4,1,0.13841464592128758,0.22489436068652513,0.8929970845302728,0.48717948717948717,0.26228512649296204,4,1,0.036610452250757146,0.8502673796791443,0.9959495255670909,0.9424958243855882,0.09222844470644387,4,1,0.17287942822047223,0.1800600200066689,0.9885676605804689,0.6138740661686233,0.4338140461619544,4,1,0.2552057105012354,0.12197483059051308,0.8775995287405022,0.2921154674709177,0.17014063688040465,4,1,0.31128673304119714,0.0,0.9480587011153618,0.0,0.0,4,1
4,4,515452,0.2,0.18959362342338187,0,3,0.38198311281269287,0.15591369435396152,0.05102019630558076,0.6101245302483236,0.9379763456122806,0.5009896635144051,0.0,4,1,0.034582833759469814,0.9001192187032895,0.8413639739936396,0.6930797675647121,0.0,4,1,0.13841464592128758,0.22489436068652513,0.8942574486408138,0.07269249163079866,0.0,4,1,0.036610452250757146,0.8502673796791443,0.9704579313493453,0.9416826003824091,0.0914152207032648,4,1,0.17287942822047223,0.1800600200066689,0.9610685063104748,0.5940845581564145,0.4140245381497456,4,1,0.2552057105012354,0.12197483059051308,0.9724378093238556,0.0,0.0,4,1,0.31128673304119714,0.0,0.786399215891134,0.0,0.0,4,1
4,5,515452,0.2,0.169839985464936,0,3,0.3867704907668089,0.15892813591175456,0.05102019630558076,0.6101245302483236,0.8982164118046683,0.0,0.0,4,1,0.034582833759469814,0.9001192187032895,0.7158459548233242,0.6832362015769626,0.0,4,1,0.13841464592128758,0.22489436068652513,0.8557300002012301,0.0,0.0,4,1,0.036610452250757146,0.8502673796791443,0.9951673174320896,0.9255218216318786,0.07525444195273423,4,1,0.17287942822047223,0.1800600200066689,0.9772518575006357,0.5054746876207652,0.3254146676140963,4,1,0.2552057105012354,0.12197483059051308,0.9771556986617174,0.0926208651399491,0.0,4,1,0.31128673304119714,0.0,0.8929856102331843,0.06504065040650407,0.06504065040650407,4,1
5,1,515452,0.2,0.20406635015393101,0,4,0.45958545894744435,0.2168172523402224,0.05928005785133096,0.6524720893141945,0.9383730956177199,0.37634691195795006,0.0,4,1,0.04295736740077329,0.9003946363861199,0.8637172438291769,0.7375713121434393,0.0,4,1,0.1887428393915649,0.20492742042881876,0.9340266779921269,0.4835012156998958,0.27857379527107706,4,1,0.04540478175999796,0.8518614494255852,0.9990657881866509,0.9433691756272401,0.09150772620165493,4,1,0.13975456687957266,0.2767607818802358,0.9118556255856697,0.0,0.0,4,1,0.13707455470751784,0.2821718683197948,0.9309374848266186,0.5244816170064471,0.24230974868665234,4,1,0.3867858320092423,0.0625,0.9517534141449616,0.12992125984251968,0.06742125984251968,4,1
5,2,515452,0.2,0.21531588734457854,0,4,0.4700169732190855,0.22605558055627958,0.05928005785133096,0.6524720893141945,0.8971252520400093,0.5390051267839823,0.0,4,1,0.04295736740077329,0.9003946363861199,0.8941017644132079,0.6258503401360545,0.0,4,1,0.1887428393915649,0.20492742042881876,0.8713382629783463,0.7460446247464503,0.5411172043176316,4,1,0.04540478175999796,0.8518614494255852,0.9965164250257861,0.9555285540704739,0.10366710464488871,4,1,0.13975456687957266,0.2767607818802358,0.9318172509183053,0.18983355825461087,0.0,4,1,0.13707455470751784,0.2821718683197948,0.8632485573339203,0.3200656544932294,0.037893786173434585,4,1,0.3867858320092423,0.0625,0.9824490906674161,0.06172839506172839,0.0,4,1
5,3,515452,0.2,0.225550909025682,0,4,0.48698449273889105,0.24193061708305702,0.05928005785133096,0.6524720893141945,0.9565960227426713,0.5228299046663322,0.0,4,1,0.04295736740077329,0.9003946363861199,0.6608853304717814,0.7382741116751269,0.0,4,1,0.1887428393915649,0.20492742042881876,0.9251388887162941,0.47829131652661067,0.2733638960977919,4,1,0.04540478175999796,0.8518614494255852,0.9982317811600849,0.9435946462715105,0.09173319684592529,4,1,0.13975456687957266,0.2767607818802358,0.9327180869450187,0.624871107444834,0.3481103255645982,4,1,0.13707455470751784,0.2821718683197948,0.9145807873272982,0.5094217024041585,0.22724983408436372,4,1,0.3867858320092423,0.0625,0.9924120863313224,0.0,0.0,4,1
5,4,515452,0.2,0.18533296099154492,0,4,0.38693777311376915,0.1621406389496287,0.05928005785133096,0.6524720893141945,0.795239895845049,0.5341107871720117,0.0,4,1,0.04295736740077329,0.9003946363861199,0.9047909572449933,0.6953748006379585,0.0,4,1,0.1887428393915649,0.20492742042881876,0.8864236287155145,0.11105926271581895,0.0,4,1,0.04540478175999796,0.8518614494255852,0.9911703042170102,0.9423858474778867,0.0905243980523015,4,1,0.13975456687957266,0.2767607818802358,0.8992926150564813,0.6071866067782768,0.33042582489804107,4,1,0.13707455470751784,0.2821718683197948,0.9567242857213247,0.0,0.0,4,1,0.3867858320092423,0.0625,0.9071929661850783,0.0,0.0,4,1
5,5,515452,0.2,0.16973389248426363,0,4,0.3725225696622991,0.15305591107081237,0.05928005785133096,0.6524720893141945,0.844164895856859,0.13704496788008566,0.0,4,1,0.04295736740077329,0.9003946363861199,0.7543771886865762,0.6846074734316078,0.0,4,1,0.1887428393915649,0.20492742042881876,0.9318168426095247,0.0,0.0,4,1,0.04540478175999796,0.8518614494255852,0.9980483097527117,0.9392265193370166,0.08736506991143145,4,1,0.13975456687957266,0.2767607818802358,0.9284872544590754,0.506786102062975,0.23002532018273925,4,1,0.13707455470751784,0.2821718683197948,0.9114447651551596,0.0,0.0,4,1,0.3867858320092423,0.0625,0.9122243783271574,0.07860262008733625,0.016102620087336247,4,1
6,1,515452,0.2,0.20569479515974218,0,5,0.45244509049616816,0.21460692334354095,0.05827298982873313,0.6521980198019802,0.9173664654405917,0.41768219832735964,0.0,4,1,0.04221986174942183,0.9001812653913094,0.7754271939080972,0.745690572462226,0.0,4,1,0.15156857860699735,0.25074807010485556,0.9520141055857722,0.6110596231078159,0.36031155300296036,4,1,0.044448418312749816,0.8550479413423576,0.9966577238916023,0.9762611275964391,0.1212131862540815,4,1,0.1830519445885896,0.2076215505913272,0.9471010533535145,0.0,0.0,4,1,0.14038292117110152,0.2707275803722504,0.954453065218001,0.5301418439716312,0.2594142635993808,4,1,0.38005528574240677,0.06289308176100629,0.9285819255712353,0.091324200913242,0.028431119152235715,4,1
6,2,515452,0.2,0.2157469375188039,0,5,0.4651260472044946,0.22577341732102021,0.05827298982873313,0.6521980198019802,0.8648349889008238,0.5360124522428187,0.0,4,1,0.04221986174942183,0.9001812653913094,0.9039550129066836,0.6322537112010796,0.0,4,1,0.15156857860699735,0.25074807010485556,0.8130789256267466,0.7824019024970273,0.5316538323921718,4,1,0.044448418312749816,0.8550479413423576,0.9834386165857743,0.9899396378269618,0.1348916964846042,4,1,0.1830519445885896,0.2076215505913272,0.9827997980977069,0.20419081587160054,0.0,4,1,0.14038292117110152,0.2707275803722504,0.8956321003909162,0.33541829554339325,0.06469071517114283,4,1,0.38005528574240677,0.06289308176100629,0.9475021825410639,0.08235294117647059,0.019459859415464298,4,1
6,3,515452,0.2,0.2236592886702667,0,5,0.4693369600957995,0.22960847360148365,0.05827298982873313,0.6521980198019802,0.9129749053280589,0.5341805433829974,0.0,4,1,0.04221986174942183,0.9001812653913094,0.7156992233915138,0.7402061855670103,0.0,4,1,0.15156857860699735,0.25074807010485556,0.9469520032781804,0.5417905517013545,0.2910424815964989,4,1,0.044448418312749816,0.8550479413423576,0.9912971230588741,0.9603309807739109,0.10528303943155326,4,1,0.1830519445885896,0.2076215505913272,0.9383021836640763,0.6253347064881566,0.4177131558968294,4,1,0.14038292117110152,0.2707275803722504,0.8399252972586306,0.37282652648604936,0.10209894611379894,4,1,0.38005528574240677,0.06289308176100629,0.8439185710561171,0.0,0.0,4,1
6,4,515452,0.2,0.184849202423186,0,5,0.40137456903634317,0.17495451143130547,0.05827298982873313,0.6521980198019802,0.880374834039094,0.5239881539980257,0.0,4,1,0.04221986174942183,0.9001812653913094,0.9234595497541638,0.6935908691834943,0.0,4,1,0.15156857860699735,0.25074807010485556,0.9827672283203851,0.07706945765937202,0.0,4,1,0.044448418312749816,0.8550479413423576,0.9949655316087311,0.9439006922893292,0.08885275094697154,4,1,0.1830519445885896,0.2076215505913272,0.9713017435730356,0.6010884902237452,0.393466939632418,4,1,0.14038292117110152,0.2707275803722504,0.9332450789853888,0.0,0.0,4,1,0.38005528574240677,0.06289308176100629,0.8485867834607377,0.0,0.0,4,1
6,5,515452,0.2,0.17004977622800127,0,5,0.37119074036005845,0.15505667430264986,0.05827298982873313,0.6521980198019802,0.8828606899494239,0.005943536404160475,0.0,4,1,0.04221986174942183,0.9001812653913094,0.712121222038636,0.6859404577525383,0.0,4,1,0.15156857860699735,0.25074807010485556,0.9234164788614119,0.0,0.0,4,1,0.044448418312749816,0.8550479413423576,0.9978751009939442,0.9406698564593301,0.08562191511697248,4,1,0.1830519445885896,0.2076215505913272,0.9798095732931095,0.507706024710228,0.30008447411890077,4,1,0.14038292117110152,0.2707275803722504,0.963163240629642,0.11653386454183266,0.0,4,1,0.38005528574240677,0.06289308176100629,0.8342459600034058,0.0,0.0,4,1
7,1,515452,0.2,0.20572841650100443,0,6,0.4437557935755587,0.2089336404573585,0.06194529544465512,0.6641344755131727,0.8869800400774616,0.5419329073482428,0.0,4,1,0.046024891718367225,0.893864271368329,0.8240037092820793,0.7393519461993071,0.0,4,1,0.11330268818144912,0.36309823677581865,0.9502619533541148,0.5867528271405493,0.22365459036473068,4,1,0.046757207485173743,0.8798644853563946,0.9988279369481159,0.9909638554216867,0.11109937006529214,4,1,0.1698929889822914,0.242152466367713,0.9100687380960889,0.0,0.0,4,1,0.1506768651816177,0.27303465765004226,0.9822184118373413,0.5143809920800333,0.24134633442999104,4,1,0.41140006300644555,0.03870967741935484,0.910203761585729,0.09482758620689655,0.056117908787541707,4,1
7,2,515452,0.2,0.210319260959382,0,6,0.4282795556412688,0.1963918189549706,0.06194529544465512,0.6641344755131727,0.7010302405615776,0.5470745470745471,0.0,4,1,0.046024891718367225,0.893864271368329,0.8135109568180721,0.6420737786640079,0.0,4,1,0.11330268818144912,0.36309823677581865,0.8216749462850812,0.7832866853258696,0.420188448550051,4,1,0.046757207485173743,0.8798644853563946,0.9982257784075135,0.9916981132075472,0.11183362785115258,4,1,0.1698929889822914,0.242152466367713,0.9179693870231987,0.19034731619305367,0.0,4,1,0.1506768651816177,0.27303465765004226,0.9390559795458614,0.38312351139843487,0.11008885374839261,4,1,0.41140006300644555,0.03870967741935484,0.9289854521259862,0.0,0.0,4,1
7,3,515452,0.2,0.22585861221167974,0,6,0.48628348259907805,0.24767748791022087,0.06194529544465512,0.6641344755131727,0.9178025408224665,0.2661722290894108,0.0,4,1,0.046024891718367225,0.893864271368329,0.7365489748222802,0.7428808979422158,0.0,4,1,0.11330268818144912,0.36309823677581865,0.9650459916680181,0.6116687578419071,0.24857052106608846,4,1,0.046757207485173743,0.8798644853563946,0.9972231007258642,0.9914615770969362,0.11159709174054155,4,1,0.1698929889822914,0.242152466367713,0.8997356605485621,0.6190881976991904,0.3769357313314774,4,1,0.1506768651816177,0.27303465765004226,0.8976875764403924,0.5556951423785594,0.2826604847285172,4,1,0.41140006300644555,0.03870967741935484,0.973939534373379,0.0,0.0,4,1
7,4,515452,0.2,0.18582671105550141,0,6,0.408846292921271,0.1817039454321602,0.06194529544465512,0.6641344755131727,0.8503664485994473,0.5214548426644872,0.0,4,1,0.046024891718367225,0.893864271368329,0.7432030776528391,0.6947960618846695,0.0,4,1,0.11330268818144912,0.36309823677581865,0.9642124765355671,0.25399568034557235,0.0,4,1,0.046757207485173743,0.8798644853563946,0.9991069368454404,0.987945755901557,0.10808127054516237,4,1,0.1698929889822914,0.242152466367713,0.905574524667647,0.6043249561659848,0.36217248979827177,4,1,0.1506768651816177,0.27303465765004226,0.9167703776259001,0.0,0.0,4,1,0.41140006300644555,0.03870967741935484,0.9246371310398882,0.0,0.0,4,1
7,5,515452,0.2,0.17226699927243241,0,6,0.38518169700742644,0.1652931072452899,0.06194529544465512,0.6641344755131727,0.8803387631454107,0.1789748045178106,0.0,4,1,0.046024891718367225,0.893864271368329,0.6586694436307204,0.6865106675843083,0.0,4,1,0.11330268818144912,0.36309823677581865,0.97000100497957,0.05822416302765648,0.0,4,1,0.046757207485173743,0.8798644853563946,0.9966408861466549,0.924776680771039,0.04491219541464442,4,1,0.1698929889822914,0.242152466367713,0.9489195757942133,0.5219123505976095,0.2797598842298965,4,1,0.1506768651816177,0.27303465765004226,0.9033750196273636,0.05216484089723526,0.0,4,1,0.41140006300644555,0.03870967741935484,0.9652065848865508,0.0,0.0,4,1
8,1,515452,0.2,0.2036373727462102,0,7,0.43597896122730884,0.19808964715644667,0.06282799138126093,0.6615186615186616,0.9336771446967561,0.5496915695681974,0.0,4,1,0.046386451218496154,0.8959919906066306,0.6722037752504144,0.7277701778385773,0.0,4,1,0.09981191627025,0.41640207219251335,0.8529672465499893,0.5452688904016337,0.12886681820912038,4,1,0.042868601291514374,0.9695181907571289,0.999162327183608,0.9924585218702866,0.02294033111315774,4,1,0.17733459521697945,0.23436988543371523,0.8195037091703303,0.0,0.0,4,1,0.1551515569771217,0.26787928896238117,0.9239109910002754,0.513380666302567,0.2455013773401858,4,1,0.4156188876443773,0.0392156862745098,0.9452602407165507,0.1257606490872211,0.08654496281271129,4,1
8,2,515452,0.2,0.20792676357793466,0,7,0.44284642510983224,0.2036065687506013,0.06282799138126093,0.6615186615186616,0.9435432073579357,0.4925642181162686,0.0,4,1,0.046386451218496154,0.8959919906066306,0.8103439285165719,0.6355704697986577,0.0,4,1,0.09981191627025,0.41640207219251335,0.8334889068996013,0.7839555202541699,0.3675534480616566,4,1,0.042868601291514374,0.9695181907571289,0.9991911483427649,0.992708071410611,0.023189880653482153,4,1,0.17733459521697945,0.23436988543371523,0.8435598265604125,0.19991035410129987,0.0,4,1,0.1551515569771217,0.26787928896238117,0.9344694939392458,0.5721955896452541,0.3043163006828729,4,1,0.4156188876443773,0.0392156862745098,0.9455385009961198,0.0,0.0,4,1
8,3,515452,0.2,0.22593652950010604,0,7,0.48414833909721594,0.24018205616374472,0.06282799138126093,0.6615186615186616,0.9209039752052759,0.5531736023539302,0.0,4,1,0.046386451218496154,0.8959919906066306,0.7424101421307714,0.7459711620016963,0.0,4,1,0.09981191627025,0.41640207219251335,0.9450694855226639,0.6387878787878788,0.22238580659536544,4,1,0.042868601291514374,0.9695181907571289,0.9989658401947592,0.9924585218702866,0.02294033111315774,4,1,0.17733459521697945,0.23436988543371523,0.9832504384101795,0.6233999550864585,0.3890300696527433,4,1,0.1551515569771217,0.26787928896238117,0.9252826349584893,0.4332210998877666,0.1653418109253854,4,1,0.4156188876443773,0.0392156862745098,0.9596817304188934,0.0,0.0,4,1
8,4,515452,0.2,0.18707419289187122,0,7,0.41833641741772815,0.18459228283600126,0.06282799138126093,0.6615186615186616,0.9467777878417123,0.5305328665888759,0.0,4,1,0.046386451218496154,0.8959919906066306,0.8377240306198339,0.7011308562197092,0.0,4,1,0.09981191627025,0.41640207219251335,0.9068407663050292,0.32114989733059546,0.0,4,1,0.042868601291514374,0.9695181907571289,0.9993186723477557,0.9912038200552903,0.021685629298161424,4,1,0.17733459521697945,0.23436988543371523,0.9339175566124749,0.6070471873068205,0.37267730187310527,4,1,0.1551515569771217,0.26787928896238117,0.9903447843860154,0.03371970495258166,0.0,4,1,0.4156188876443773,0.0392156862745098,0.9062898498307881,0.0,0.0,4,1
8,5,515452,0.2,0.1754251412838779,0,7,0.4028858626512265,0.1735294450932062,0.06282799138126093,0.6615186615186616,0.8157527119794258,0.5255354200988468,0.0,4,1,0.046386451218496154,0.8959919906066306,0.9106638481170906,0.6692359249329759,0.0,4,1,0.09981191627025,0.41640207219251335,0.9713566495343051,0.0,0.0,4,1,0.042868601291514374,0.9695181907571289,0.9986340822733359,0.9406414552417425,0.0,4,1,0.17733459521697945,0.23436988543371523,0.9234374665297473,0.604078336361801,0.36970845092808574,4,1,0.1551515569771217,0.26787928896238117,0.8902246314478488,0.053125,0.0,4,1,0.4156188876443773,0.0392156862745098,0.9572625431789868,0.0,0.0,4,1
9,1,515452,0.2,0.20396017097528435,0,8,0.4424090845797885,0.20725133360480627,0.06184858709407299,0.6726112565445026,0.8819306585905557,0.5437660541394981,0.0,4,1,0.04633047330523919,0.8978983574541267,0.8619296171622756,0.7260700389105058,0.0,4,1,0.10568656558634884,0.3936172554198305,0.9504632881818915,0.5159944367176634,0.12237718129783293,4,1,0.04256112718906753,0.9774190353570368,0.9991609186238601,0.992708071410611,0.015289036053574234,4,1,0.1726571424973346,0.24094025465230168,0.804142367303624,0.0,0.0,4,1,0.15491554551947145,0.2685337726523888,0.9308058300642377,0.5315765561108587,0.26304278345846993,4,1,0.41600055880846537,0.05128205128205128,0.9743318376846124,0.11971830985915492,0.06843625857710364,4,1
9,2,515452,0.2,0.2079723255805888,0,8,0.44857759531792346,0.21242867218479264,0.06184858709407299,0.6726112565445026,0.6844987657489241,0.5463947990543735,0.0,4,1,0.04633047330523919,0.8978983574541267,0.9380284753942827,0.6393878908848969,0.0,4,1,0.10568656558634884,0.3936172554198305,0.6584181139807881,0.783875473957294,0.39025821853746345,4,1,0.04256112718906753,0.9774190353570368,0.9991303275383023,0.992708071410611,0.015289036053574234,4,1,0.1726571424973346,0.24094025465230168,0.9763237701873448,0.2226148409893993,0.0,4,1,0.15491554551947145,0.2685337726523888,0.9666289401342215,0.40197113692361847,0.13343736427122965,4,1,0.41600055880846537,0.05128205128205128,0.980021820319875,0.06369426751592357,0.012412216233872286,4,1
9,3,515452,0.2,0.2251512458274642,0,8,0.47475180104132775,0.2358752573199486,0.06184858709407299,0.6726112565445026,0.9486329837117837,0.5454153182308522,0.0,4,1,0.04633047330523919,0.8978983574541267,0.8208407759435965,0.7476038338658147,0.0,4,1,0.10568656558634884,0.3936172554198305,0.9450083333892327,0.6441699307020187,0.25055267528218816,4,1,0.04256112718906753,0.9774190353570368,0.9991668532864448,0.992708071410611,0.015289036053574234,4,1,0.1726571424973346,0.24094025465230168,0.9316176591894862,0.6267531923801549,0.38581293772785324,4,1,0.15491554551947145,0.2685337726523888,0.9111903474524149,0.3709090909090909,0.1023753182567021,4,1,0.41600055880846537,0.05128205128205128,0.948004788287961,0.0,0.0,4,1
9,4,515452,0.2,0.18777154632368526,0,8,0.4122388437639076,0.18369031435577118,0.06184858709407299,0.6726112565445026,0.7563317911181435,0.544921875,0.0,4,1,0.04633047330523919,0.8978983574541267,0.7624726567426936,0.6954225352112676,0.0,4,1,0.10568656558634884,0.3936172554198305,0.9553971644719916,0.26763574176998717,0.0,4,1,0.04256112718906753,0.9774190353570368,0.9998961134056914,0.9924547283702213,0.015035693013184526,4,1,0.1726571424973346,0.24094025465230168,0.9110460003630595,0.61180314478252,0.3708628901302183,4,1,0.15491554551947145,0.2685337726523888,0.9059005444208458,0.0,0.0,4,1,0.41600055880846537,0.05128205128205128,0.9718232254380965,0.0,0.0,4,1
9,5,515452,0.2,0.17514471129297737,0,8,0.37889549604492884,0.16075442253468122,0.06184858709407299,0.6726112565445026,0.7234138509768823,0.09951563188022898,0.0,4,1,0.04633047330523919,0.8978983574541267,0.6843601776345506,0.6824012314007183,0.0,4,1,0.10568656558634884,0.3936172554198305,0.9466655528135053,0.16925892040256177,0.0,4,1,0.04256112718906753,0.9774190353570368,0.9977663689672593,0.989149634115569,0.011730598758532218,4,1,0.1726571424973346,0.24094025465230168,0.9594705894862051,0.5170528508200989,0.2761125961677972,4,1,0.15491554551947145,0.2685337726523888,0.8122553151368556,0.05812143227815257,0.0,4,1,0.41600055880846537,0.05128205128205128,0.9463676571359272,0.0,0.0,4,1
10,1,515452,0.2,0.20320225214441265,0,9,0.4410122388115893,0.20220580749596687,0.06183141455591417,0.6744338693797177,0.9367446890448542,0.5505034101981162,0.0,4,1,0.04632225067058727,0.9002412353561472,0.6468929063358965,0.7379310344827587,0.0,4,1,0.11298629108063485,0.36908194586550086,0.9182050200704148,0.582901554404145,0.21381960853864418,4,1,0.04262850372777682,0.9782468658639314,0.999726692655093,0.9924585218702866,0.014211656006355211,4,1,0.16648727884397477,0.25047679593134137,0.8554113011956841,0.0,0.0,4,1,0.15273225943944607,0.27303465765004226,0.9799385804513134,0.4879551820728291,0.21492052442278686,4,1,0.41701200168166597,0.06289308176100629,0.9611748412221214,0.10666666666666667,0.043773584905660384,4,1
10,2,515452,0.2,0.207757622748661,0,9,0.4518495926843231,0.21116407611409627,0.06183141455591417,0.6744338693797177,0.8618201732762792,0.5452596109664574,0.0,4,1,0.04632225067058727,0.9002412353561472,0.8198620070203556,0.6406406406406406,0.0,4,1,0.11298629108063485,0.36908194586550086,0.6054634815905175,0.7845325891967311,0.4154506433312302,4,1,0.04262850372777682,0.9782468658639314,0.9994553775367387,0.992708071410611,0.014461205546679623,4,1,0.16648727884397477,0.25047679593134137,0.9170786906434445,0.23255813953488372,0.0,4,1,0.15273225943944607,0.27303465765004226,0.9279807186683011,0.47992164544564153,0.20688698779559928,4,1,0.41701200168166597,0.06289308176100629,0.9388183671348362,0.07407407407407407,0.01118099231306778,4,1
10,3,515452,0.2,0.22739492060070804,0,9,0.49425613001968866,0.2502002488281182,0.06183141455591417,0.6744338693797177,0.9368334404776177,0.5669398907103825,0.0,4,1,0.04632225067058727,0.9002412353561472,0.8863409903977129,0.7446808510638298,0.0,4,1,0.11298629108063485,0.36908194586550086,0.9640193742797225,0.6219739292364991,0.2528919833709982,4,1,0.04262850372777682,0.9782468658639314,0.9995297286131963,0.992708071410611,0.014461205546679623,4,1,0.16648727884397477,0.25047679593134137,0.9871914227537819,0.6241890639481001,0.3737122680167588,4,1,0.15273225943944607,0.27303465765004226,0.8937845547108778,0.5281712307208057,0.2551365730707635,4,1,0.41701200168166597,0.06289308176100629,0.954430008755165,0.0,0.0,4,1
10,4,515452,0.2,0.186657836968867,0,9,0.4055658239935107,0.17547566431942208,0.06183141455591417,0.6744338693797177,0.7886239814118274,0.37572590011614404,0.0,4,1,0.04632225067058727,0.9002412353561472,0.7792011373388081,0.7014200970699263,0.0,4,1,0.11298629108063485,0.36908194586550086,0.9061743406449968,0.3284433577832111,0.0,4,1,0.04262850372777682,0.9782468658639314,0.9995512181679039,0.9919476597886261,0.013700793924694699,4,1,0.16648727884397477,0.25047679593134137,0.936672005985035,0.5590874524714828,0.30861065654014147,4,1,0.15273225943944607,0.27303465765004226,0.9469999245032666,0.0021413276231263384,0.0,4,1,0.41701200168166597,0.06289308176100629,0.973437132541525,0.0,0.0,4,1
10,5,515452,0.2,0.17498736753735153,0,9,0.38397070003483574,0.1609542032423965,0.06183141455591417,0.6744338693797177,0.7910371526073317,0.15626403233048944,0.0,4,1,0.04632225067058727,0.9002412353561472,0.7553903694356966,0.6776494565217391,0.0,4,1,0.11298629108063485,0.36908194586550086,0.9646690836032692,0.13252449836677554,0.0,4,1,0.04262850372777682,0.9782468658639314,0.9983278679906129,0.954578576633471,0.0,4,1,0.16648727884397477,0.25047679593134137,0.8485674854626177,0.5154471544715448,0.2649703585402034,4,1,0.15273225943944607,0.27303465765004226,0.9012002092757868,0.01700318809776833,0.0,4,1,0.41701200168166597,0.06289308176100629,0.87431072731136,0.082687338501292,0.019794256740285704,4,1
