round,client_id,num_examples,fedavg_weight,final_weight,warmup,client_score,raw_shap_weight,importance::BENIGN,reliability::BENIGN,similarity::BENIGN,gain::BENIGN,importance::DDOS,reliability::DDOS,similarity::DDOS,gain::DDOS,importance::DOS,reliability::DOS,similarity::DOS,gain::DOS,importance::MIRAI,reliability::MIRAI,similarity::MIRAI,gain::MIRAI,importance::RECON,reliability::RECON,similarity::RECON,gain::RECON,importance::SPOOFING,reliability::SPOOFING,similarity::SPOOFING,gain::SPOOFING,importance::WEB,reliability::WEB,similarity::WEB,gain::WEB
1,1,515452,0.2,0.2,1,,,,,,,,,,,,,,,,,,,,,,,,,,,,,,
1,2,515452,0.2,0.2,1,,,,,,,,,,,,,,,,,,,,,,,,,,,,,,
1,3,515452,0.2,0.2,1,,,,,,,,,,,,,,,,,,,,,,,,,,,,,,
1,4,515452,0.2,0.2,1,,,,,,,,,,,,,,,,,,,,,,,,,,,,,,
1,5,515452,0.2,0.2,1,,,,,,,,,,,,,,,,,,,,,,,,,,,,,,
2,1,515452,0.2,0.2,1,,,,,,,,,,,,,,,,,,,,,,,,,,,,,,
2,2,515452,0.2,0.2,1,,,,,,,,,,,,,,,,,,,,,,,,,,,,,,
2,3,515452,0.2,0.2,1,,,,,,,,,,,,,,,,,,,,,,,,,,,,,,
2,4,515452,0.2,0.2,1,,,,,,,,,,,,,,,,,,,,,,,,,,,,,,
2,5,515452,0.2,0.2,1,,,,,,,,,,,,,,,,,,,,,,,,,,,,,,
3,1,515452,0.2,0.21075502358353718,0,0.3307786298243413,0.2408086440102534,0.06621120538458307,0.491828202204485,0.8675276414488086,0.18296261593184437,0.054638256727881966,0.6729259132809833,0.6173990752759906,0.298639396952734,0.2045036276892747,0.11747358073236668,0.7818287195183498,0.11747358073236668,0.2045036276892747,0.0009995002498750624,0.9641052930827338,0.0009995002498750624,0.06113602713043613,0.0009995002498750624,0.8092934057859358,0.0,0.2045036276892747,0.5325368039257521,0.7806207617498082,0.5325368039257521,0.2045036276892747,0.0,0.0,0.0
3,2,515452,0.2,0.1939226884293248,0,0.18783513729888024,0.13594204289755343,0.06621120538458307,0.4975124378109453,0.8229816446749187,0.18864685153830468,0.054638256727881966,0.6022330774598744,0.8053297265611965,0.22794656113162515,0.2045036276892747,0.557838446383338,0.6604522112869017,0.557838446383338,0.2045036276892747,0.0,0.0,0.0,0.06113602713043613,0.0,0.0,0.0,0.2045036276892747,0.0,0.0,0.0,0.2045036276892747,0.0,0.0,0.0
3,3,515452,0.2,0.22400000000000003,0,0.48947028367061995,0.45430520288359133,0.06621120538458307,0.0,0.9687194605925358,0.0,0.054638256727881966,0.6959001782531195,0.6485372421103265,0.3216136619248702,0.2045036276892747,0.09501411100658513,0.7849161386580905,0.09501411100658513,0.2045036276892747,0.9415692821368948,0.7508344295013291,0.9415692821368948,0.06113602713043613,0.0,0.0,0.0,0.2045036276892747,0.4759635599159075,0.9130870569366734,0.4759635599159075,0.2045036276892747,0.09791666666666667,0.9175240175547033,0.09791666666666667
3,4,515452,0.2,0.18611526505215856,0,0.07711920246747965,0.08730126040895317,0.06621120538458307,0.0,0.9414196678429347,0.0,0.054638256727881966,0.5000626644942975,0.569130539584575,0.1257761481660482,0.2045036276892747,0.0,0.0,0.0,0.2045036276892747,0.0,0.0,0.0,0.06113602713043613,0.4979459728619445,0.9179096400097301,0.16344005664832117,0.2045036276892747,0.0,0.0,0.0,0.2045036276892747,0.0,0.0,0.0
3,5,515452,0.2,0.18520702293497954,0,0.060366538422730535,0.08164284979964863,0.06621120538458307,0.0,0.0,0.0,0.054638256727881966,0.5,0.6150864028768561,0.12571348367175073,0.2045036276892747,0.0,0.0,0.0,0.2045036276892747,0.0,0.0,0.0,0.06113602713043613,0.4970178926441352,0.9852962499302307,0.1625119764305119,0.2045036276892747,0.0,0.0,0.0,0.2045036276892747,0.0,0.0,0.0
4,1,515452,0.2,0.21356565348321466,0,0.2977409741604743,0.21234368977640647,0.048491081145930585,0.5368355610817532,0.8347533479716032,0.15441546975755233,0.048914340197542545,0.6729195088676672,0.8082097203202299,0.2938085241268843,0.18543963680236014,0.11733072598386703,0.8126378265096825,0.11733072598386703,0.18543963680236014,0.0009995002498750624,0.9953090457111181,0.0009995002498750624,0.16083603144708636,0.0,0.7856283167240962,0.0,0.18543963680236014,0.4059633027522936,0.59944297516414,0.4059633027522936,0.18543963680236014,0.0,0.0,0.0
4,2,515452,0.2,0.18717223373917777,0,0.1573688279599172,0.12111222018908116,0.048491081145930585,0.49819404658114336,0.9621095804233324,0.11577395525694245,0.048914340197542545,0.6006213324128409,0.5715475041931496,0.22151034767205802,0.18543963680236014,0.5599774202653118,0.5794868824793816,0.5599774202653118,0.18543963680236014,0.0,0.0,0.0,0.16083603144708636,0.0,0.0,0.0,0.18543963680236014,0.0,0.0,0.0,0.18543963680236014,0.0,0.0,0.0
4,3,515452,0.2,0.24080000000000001,0,0.48620615466669015,0.45127046580207564,0.048491081145930585,0.0,0.8637037489258339,0.0,0.048914340197542545,0.7128750474743638,0.8624678965662329,0.33376406273358095,0.18543963680236014,0.3038076152304609,0.8005532817300787,0.3038076152304609,0.18543963680236014,0.9421015010721944,0.9363249471498906,0.9421015010721944,0.16083603144708636,0.0,0.0,0.0,0.18543963680236014,0.4719911259012757,0.9760270517682502,0.4719911259012757,0.18543963680236014,0.0936768149882904,0.9743440233246509,0.0936768149882904
4,4,515452,0.2,0.18004642752179784,0,0.1349928867152042,0.11074317595754632,0.048491081145930585,0.0,0.8361494614457862,0.0,0.048914340197542545,0.5001254705144291,0.7182056568159693,0.12101448577364626,0.18543963680236014,0.0,0.0,0.0,0.18543963680236014,0.0,0.0,0.0,0.16083603144708636,0.4973887092762994,0.9654684579256632,0.3820913874424365,0.18543963680236014,0.0,0.0,0.0,0.18543963680236014,0.0,0.0,0.0
4,5,515452,0.2,0.17841568525580978,0,0.1205590391215631,0.10453044827489036,0.048491081145930585,0.0,0.0,0.0,0.048914340197542545,0.5003130086390385,0.5376206731466625,0.12120202389825563,0.18543963680236014,0.0,0.0,0.0,0.18543963680236014,0.0,0.0,0.0,0.16083603144708636,0.4984423676012461,0.9707492139093815,0.3831450457673832,0.18543963680236014,0.0,0.0,0.0,0.18543963680236014,0.0,0.0,0.0
5,1,515452,0.2,0.21312131606234408,0,0.26822307491152575,0.2094454754096559,0.036005247105903054,0.5336765336765337,0.819319617778456,0.0009207134274811235,0.04047403045541969,0.6731457800511509,0.589048099581911,0.19921213076205135,0.19182004955175208,0.11911154503295093,0.7227252209424077,0.11911154503295093,0.19182004955175208,0.0,0.9142166388822537,0.0,0.19182004955175208,0.0,0.841089228017917,0.0,0.15624052423166904,0.35100923708518644,0.7301611379936188,0.22823695985746367,0.19182004955175208,0.0,0.0,0.0
5,2,515452,0.2,0.18232788665720756,0,0.1493286020906479,0.1301757621223937,0.036005247105903054,0.49819404658114336,0.9697114308420942,0.0,0.04047403045541969,0.6253807106598985,0.7057576442370842,0.151447061370799,0.19182004955175208,0.564314171883893,0.5501931144298826,0.564314171883893,0.19182004955175208,0.0,0.0,0.0,0.19182004955175208,0.0,0.0,0.0,0.15624052423166904,0.0,0.0,0.0,0.19182004955175208,0.0,0.0,0.0
5,3,515452,0.2,0.25256,0,0.4361371671401465,0.40998468847930564,0.036005247105903054,0.0,0.8866490910549605,0.0,0.04047403045541969,0.7053896576839038,0.809441729061678,0.2314560083948043,0.19182004955175208,0.2073490813648294,0.758440274785788,0.2073490813648294,0.19182004955175208,0.9418216499761564,0.8147895307421722,0.9408221497262813,0.19182004955175208,0.0,0.0,0.0,0.15624052423166904,0.49776407093292213,0.9378996826776622,0.37499179370519936,0.19182004955175208,0.08679004467134652,0.8613307594814537,0.08679004467134652
5,4,515452,0.2,0.17708205381502498,0,0.14612242568762768,0.12851695588188122,0.036005247105903054,0.0,0.9755772519583157,0.0,0.04047403045541969,0.50050075112669,0.5664200597804647,0.02656710183759048,0.19182004955175208,0.0,0.0,0.0,0.19182004955175208,0.0,0.0,0.0,0.19182004955175208,0.4985044865403789,0.9068194554474748,0.47878062066266686,0.15624052423166904,0.0,0.0,0.0,0.19182004955175208,0.0,0.0,0.0
5,5,515452,0.2,0.17490874346542343,0,0.13286054080913645,0.12187711810676359,0.036005247105903054,0.0,0.0,0.0,0.04047403045541969,0.500250501002004,0.351277496679287,0.026316851712904432,0.19182004955175208,0.0,0.0,0.0,0.19182004955175208,0.0,0.0,0.0,0.19182004955175208,0.4982561036372696,0.9055792747219893,0.47853223775955755,0.15624052423166904,0.0,0.0,0.0,0.19182004955175208,0.0,0.0,0.0
6,1,515452,0.2,0.21414484601359735,0,0.2901325278720751,0.21908023246910333,0.04517444806979199,0.5378223495702006,0.6539216404024906,0.11983038169871463,0.04541726889222401,0.6745098039215687,0.7626767417486353,0.25875260612508183,0.18882556446200605,0.1182769530299343,0.8497381073606324,0.1182769530299343,0.18882556446200605,0.0,0.9957420976837006,0.0,0.18882556446200605,0.0,0.7789761120538936,0.0,0.15410602518995978,0.3392612859097127,0.9269950293383797,0.216731641640938,0.18882556446200605,0.0,0.0,0.0
6,2,515452,0.2,0.17875018324295747,0,0.1592680462096115,0.12979809067035303,0.04517444806979199,0.49881531363012843,0.9352795699912705,0.08082334575864247,0.04541726889222401,0.6343407505812022,0.5600720208706745,0.21858355278471536,0.18882556446200605,0.561730163276998,0.6412592605798046,0.561730163276998,0.18882556446200605,0.0,0.0,0.0,0.18882556446200605,0.0,0.0,0.0,0.15410602518995978,0.0,0.0,0.0,0.18882556446200605,0.0,0.0,0.0
6,3,515452,0.2,0.260792,0,0.4446720813311806,0.4065050023704493,0.04517444806979199,0.15301530153015303,0.7283419679917896,0.0,0.04541726889222401,0.7042560931247727,0.8975763282403203,0.2884988953282858,0.18882556446200605,0.20096533567354102,0.8092813688770578,0.20096533567354102,0.18882556446200605,0.9421015010721944,0.9229136030609925,0.9411020008223193,0.18882556446200605,0.0,0.0,0.0,0.15410602518995978,0.4853085899058063,0.7678573182506248,0.36277894563703156,0.18882556446200605,0.11188811188811189,0.9261225865285749,0.11188811188811189
6,4,515452,0.2,0.17448576747171124,0,0.15179733489544478,0.1259767352617576,0.04517444806979199,0.0,0.9304560658422638,0.0,0.04541726889222401,0.5,0.7589256919936931,0.08424280220351316,0.18882556446200605,0.0,0.0,0.0,0.18882556446200605,0.0,0.0,0.0,0.18882556446200605,0.499001996007984,0.8989103465491336,0.49500998003992014,0.15410602518995978,0.0,0.0,0.0,0.18882556446200605,0.0,0.0,0.0
6,5,515452,0.2,0.171827203271734,0,0.1367963190129724,0.11863993922833689,0.04517444806979199,0.0,0.0,0.0,0.04541726889222401,0.500501002004008,0.6207291318162546,0.0847438042075212,0.18882556446200605,0.0,0.0,0.0,0.18882556446200605,0.0009995002498750624,0.0,0.0,0.18882556446200605,0.49831817615547525,0.8912533140472038,0.4943261601874114,0.15410602518995978,0.0,0.0,0.0,0.18882556446200605,0.0,0.0,0.0
7,1,515452,0.2,0.21478580675407588,0,0.2841492127548319,0.2217981336365773,0.037545555165690025,0.5350989605581661,0.6971758183474352,0.027413044480060544,0.04112962703241133,0.681512169860176,0.5713195057420644,0.21806645094000454,0.1906134956895439,0.12682459918640823,0.7290635741166978,0.12682459918640823,0.1906134956895439,0.0,0.997167330649525,0.0,0.1906134956895439,0.0,0.8896844400933648,0.0,0.15887083504372312,0.3489420742282345,0.8745615921723191,0.2289619056610555,0.1906134956895439,0.0,0.0,0.0
7,2,515452,0.2,0.17582420001565016,0,0.14978692048604433,0.12958259683004592,0.037545555165690025,0.4991265285749938,0.7750860580158125,0.0,0.04112962703241133,0.6245353159851301,0.5974657698402177,0.16108959706495862,0.1906134956895439,0.5640005682625373,0.6101650467612342,0.5640005682625373,0.1906134956895439,0.0,0.0,0.0,0.1906134956895439,0.0,0.0,0.0,0.15887083504372312,0.0,0.0,0.0,0.1906134956895439,0.0,0.0,0.0
7,3,515452,0.2,0.2665544,0,0.42895692575659955,0.395835417410844,0.037545555165690025,0.11536686663590216,0.706876564415392,0.0,0.04112962703241133,0.6981805208704959,0.7430790551943055,0.23473480195032437,0.1906134956895439,0.13167587476979742,0.7958547603202282,0.13167587476979742,0.1906134956895439,0.9418770843258695,0.9601206478902582,0.9408775840759944,0.1906134956895439,0.0,0.0,0.0,0.15887083504372312,0.47501523461304085,0.7147363661281406,0.3550350660458619,0.1906134956895439,0.0926347760060744,0.9497901228553309,0.0926347760060744
7,4,515452,0.2,0.1729072597632967,0,0.15064019174830168,0.13002562887684976,0.037545555165690025,0.0,0.9539222925519324,0.0,0.04112962703241133,0.50050075112669,0.6969176849780034,0.03705503220651851,0.1906134956895439,0.0,0.0,0.0,0.1906134956895439,0.0009995002498750624,0.0,0.0,0.1906134956895439,0.4985666209647264,0.9500457991515073,0.49457659602707055,0.15887083504372312,0.0,0.0,0.0,0.1906134956895439,0.0,0.0,0.0
7,5,515452,0.2,0.16992833346697728,0,0.13626148675265504,0.12275822324568302,0.037545555165690025,0.0,0.0,0.0,0.04112962703241133,0.5001880406167732,0.5868943927440857,0.03674232169660174,0.1906134956895439,0.0,0.0,0.0,0.1906134956895439,0.0009995002498750624,0.0,0.0,0.1906134956895439,0.4978839930296241,0.9119863839760703,0.4938939680919682,0.15887083504372312,0.0,0.0,0.0,0.1906134956895439,0.0,0.0,0.0
8,1,515452,0.2,0.21652525195733607,0,0.2980010323687982,0.22651474632789775,0.036308701497902156,0.541138307283987,0.7850872881725752,0.012239286229943858,0.04030363247791876,0.681394546082154,0.5908690015772572,0.20492045436089135,0.19203636677983923,0.12903225806451613,0.7974629915930473,0.12903225806451613,0.19203636677983923,0.0,0.9982513750334701,0.0,0.19203636677983923,0.0,0.9399341755621404,0.0,0.15524219890482202,0.3727943535450754,0.9746063126255198,0.24909321549460534,0.19203636677983923,0.0,0.0,0.0
8,2,515452,0.2,0.17342637082291068,0,0.14840306027168132,0.12451400002911721,0.036308701497902156,0.4991265285749938,0.7591298202368739,0.0,0.04030363247791876,0.6262350936967632,0.6420981949160418,0.14976100197550057,0.19203636677983923,0.5646325923828401,0.5828968634765916,0.5646325923828401,0.19203636677983923,0.0,0.0,0.0,0.19203636677983923,0.0,0.0,0.0,0.15524219890482202,0.0,0.0,0.0,0.19203636677983923,0.0,0.0,0.0
8,3,515452,0.2,0.27058808,0,0.4450104326845755,0.40782886964344534,0.036308701497902156,0.09274004683840749,0.7954080819149765,0.0,0.04030363247791876,0.7011722272317403,0.7464698664984567,0.22469813551047768,0.19203636677983923,0.17025089605734767,0.7984085103002916,0.17025089605734767,0.19203636677983923,0.9421015010721944,0.9863488653608701,0.9411020008223193,0.19203636677983923,0.0,0.0,0.0,0.15524219890482202,0.48587731811697576,0.8717303001561791,0.3621761800665057,0.19203636677983923,0.09723756906077348,0.9504283294196175,0.09723756906077348
8,4,515452,0.2,0.17133395347764244,0,0.14774792717979604,0.12418813421926182,0.036308701497902156,0.0,0.9488972769808532,0.0,0.04030363247791876,0.4999374765537076,0.662579800866215,0.023463384832444978,0.19203636677983923,0.0,0.0,0.0,0.19203636677983923,0.0,0.0,0.0,0.19203636677983923,0.4990642545227698,0.9041397636893658,0.49806475427289476,0.15524219890482202,0.0,0.0,0.0,0.19203636677983923,0.0,0.0,0.0
8,5,515452,0.2,0.16812634374211086,0,0.13274422806962258,0.11695424978027773,0.036308701497902156,0.0,0.0,0.0,0.04030363247791876,0.5002502502502503,0.5078835815091928,0.023776158528987623,0.19203636677983923,0.0,0.0,0.0,0.19203636677983923,0.0009995002498750624,0.0,0.0,0.19203636677983923,0.49881531363012843,0.8560126816697331,0.4978158133802534,0.15524219890482202,0.0,0.0,0.0,0.19203636677983923,0.0,0.0,0.0
9,1,515452,0.2,0.21687454001655943,0,0.29152308796016385,0.2229560288536401,0.042921867914367,0.5361806729144262,0.6770424063257745,0.09126669766540718,0.04396978076865422,0.6795114398761397,0.6448010749954797,0.24520090784573795,0.19096538878894342,0.12844476395878265,0.7004845816963612,0.12844476395878265,0.19096538878894342,0.0,0.9943793243823434,0.0,0.19096538878894342,0.0,0.8027672263237464,0.0,0.14924679616120504,0.4398462902749039,0.9497239255035339,0.3118935343693921,0.19096538878894342,0.0,0.0,0.0
9,2,515452,0.2,0.1724557850472311,0,0.15794771286442133,0.1306697400460187,0.042921867914367,0.4990642545227698,0.8074223465655763,0.05415027927375082,0.04396978076865422,0.6271588215374195,0.6602723674874538,0.19284828950701777,0.19096538878894342,0.5650198750709824,0.639778486693897,0.5650198750709824,0.19096538878894342,0.0,0.0,0.0,0.19096538878894342,0.0,0.0,0.0,0.14924679616120504,0.0,0.0,0.0,0.19096538878894342,0.0,0.0,0.0
9,3,515452,0.2,0.273411656,0,0.43832516450518866,0.4010888116292422,0.042921867914367,0.1172127365020766,0.705311672935752,0.0,0.04396978076865422,0.7018110095033172,0.7243391225182538,0.26750047747291544,0.19096538878894342,0.1569872958257713,0.8086042493819489,0.1569872958257713,0.19096538878894342,0.9421015010721944,0.8786635997207037,0.9411020008223193,0.19096538878894342,0.0,0.0,0.0,0.14924679616120504,0.5190674136996205,0.8648020407007857,0.3911146577941087,0.19096538878894342,0.0792838874680307,0.9795306777829017,0.0792838874680307
9,4,515452,0.2,0.17045982357242703,0,0.15127660929062575,0.12722900572132112,0.042921867914367,0.0,0.8977065765783011,0.0,0.04396978076865422,0.5000625390869293,0.6015243626086706,0.06575200705652756,0.19096538878894342,0.0,0.0,0.0,0.19096538878894342,0.0,0.0,0.0,0.19096538878894342,0.49893975302482224,0.9367611349477993,0.4949517171324992,0.14924679616120504,0.0,0.0,0.0,0.19096538878894342,0.0,0.0,0.0
9,5,515452,0.2,0.1667981953637825,0,0.13257009317435178,0.11805641374977781,0.042921867914367,0.0,0.0,0.0,0.04396978076865422,0.5003128519584532,0.6061545444647414,0.06600231992805144,0.19096538878894342,0.0,0.0,0.0,0.19096538878894342,0.0,0.0,0.0,0.19096538878894342,0.4986909362922329,0.8113865277647218,0.49470290039990983,0.14924679616120504,0.0,0.0,0.0,0.19096538878894342,0.0,0.0,0.0
10,1,515452,0.2,0.21777293657827468,0,0.29797614289553964,0.222370014433621,0.03645019251406843,0.5393190720096415,0.7714536122098674,0.011849482382586207,0.04022636863049198,0.6826574633304573,0.8035083038144026,0.20470310797139407,0.19226368087222837,0.12333333333333334,0.845103710111397,0.12333333333333334,0.19226368087222837,0.0,0.9924963777113849,0.0,0.19226368087222837,0.0,0.9101992965767004,0.0,0.1542687153665261,0.4135593220338983,0.8350617249670472,0.2889302419152039,0.19226368087222837,0.0,0.0,0.0
10,2,515452,0.2,0.1711416114905795,0,0.14967921897393896,0.12287345816750582,0.03645019251406843,0.5026388539834129,0.894144097030118,0.0,0.04022636863049198,0.628999319264806,0.5560501107303818,0.1510449639057428,0.19226368087222837,0.5604272062956718,0.6022885056695206,0.5604272062956718,0.19226368087222837,0.0,0.0,0.0,0.19226368087222837,0.0,0.0,0.0,0.1542687153665261,0.0,0.0,0.0,0.19226368087222837,0.0,0.0,0.0
10,3,515452,0.2,0.27538815920000004,0,0.45508752989886825,0.41687577432222617,0.03645019251406843,0.07947019867549669,0.7944917050388696,0.0,0.04022636863049198,0.7070191431175934,0.7946792317196395,0.22906478775853018,0.19226368087222837,0.22414539160536565,0.7780128096687061,0.22414539160536565,0.19226368087222837,0.9421015010721944,0.9380061967240457,0.9411020008223193,0.19226368087222837,0.0,0.0,0.0,0.1542687153665261,0.47844944429384656,0.968869075409009,0.35382036417515217,0.19226368087222837,0.1038961038961039,0.9839760896210624,0.1038961038961039
10,4,515452,0.2,0.16955272763880117,0,0.14716898313025867,0.12164586613668145,0.03645019251406843,0.0,0.9729340946268437,0.0,0.04022636863049198,0.4999374765537076,0.6157605471733143,0.021983121194644406,0.19226368087222837,0.0,0.0,0.0,0.19226368087222837,0.0,0.0,0.0,0.19226368087222837,0.4990642545227698,0.8976774597584376,0.4970662525247678,0.1542687153665261,0.0,0.0,0.0,0.19226368087222837,0.0,0.0,0.0
10,5,515452,0.2,0.1661445650923447,0,0.13579371917032415,0.11623488693996564,0.03645019251406843,0.0,0.0,0.0,0.04022636863049198,0.5000625390869293,0.440561234097473,0.022108183727866104,0.19226368087222837,0.0,0.0,0.0,0.19226368087222837,0.0,0.0,0.0,0.19226368087222837,0.49893975302482224,0.9217997243539822,0.49694175102682026,0.1542687153665261,0.0,0.0,0.0,0.19226368087222837,0.0,0.0,0.0
