round,client_id,num_examples,loss,accuracy,balanced_accuracy,precision,recall,f1
1,1,128863,0.32889899611473083,0.8843810868907289,0.24467794992968264,0.34719661379463407,0.20972395708258512,0.20953077417809624
1,2,128863,2.6279876232147217,0.15066388334898304,0.4231227516012986,0.16237430372219247,0.18133832211484227,0.09743794306582547
1,3,128863,2.1362626552581787,0.686255946237477,0.22199995390679506,0.20364406494471984,0.19028567477725292,0.15444907516451298
1,4,128863,0.046611614525318146,0.9964380776483552,0.7441637418333314,0.23280407413483603,0.3189273179285706,0.19280456623906767
1,5,128863,0.19177678227424622,0.9460512327045001,0.40608435963571915,0.27794078548432155,0.17403615412959392,0.19177645458603632
2,1,128863,0.3174307644367218,0.8869885071742859,0.26000692201358616,0.2881330205039294,0.2228630760116453,0.20147982274091172
2,2,128863,2.0555310249328613,0.15139334021402576,0.4419429455119768,0.16348867209185694,0.18940411950513295,0.10710163499167984
2,3,128863,1.9130431413650513,0.6856040911665878,0.22191336066416745,0.11205864416204048,0.1902114519978578,0.13743266548782723
2,4,128863,0.06800206750631332,0.9967872857220459,0.7621387722197324,0.24774154641324428,0.3266309023798853,0.20280763213268013
2,5,128863,0.1653800755739212,0.9495355532619915,0.42264944838165214,0.2808900287967345,0.18113547787785092,0.20184469083164178
3,1,128863,0.2665102183818817,0.9047903587530943,0.2539410879199509,0.23723496992908485,0.2176637896456722,0.22180301623344229
3,2,128863,1.87196946144104,0.15356619045032321,0.49751847267890786,0.30529391627661473,0.2132222025766748,0.1308528142022958
3,3,128863,1.468849539756775,0.6863025073139691,0.24584208452473746,0.25373254023723557,0.21072178673548927,0.13710264228438565
3,4,128863,0.07540950924158096,0.996275113880633,0.6839205554431284,0.28598233701825315,0.2931088094756264,0.15772918991860393
3,5,128863,0.16249462962150574,0.9353033842142431,0.3520168530118406,0.2825954340663818,0.15086436557650312,0.1564465273160057
4,1,128863,0.23252956569194794,0.9578156646981678,0.34059288388290954,0.35283316581360596,0.29193675761392246,0.28031343734067576
4,2,128863,1.6931053400039673,0.15959584985604866,0.6603908060507815,0.30640114339390934,0.2830246311646206,0.1783050627282163
4,3,128863,1.120959758758545,0.6882192716295601,0.3393890803063008,0.3473434392740552,0.29090492597682927,0.16016319765847362
4,4,128863,0.08550424873828888,0.9960578288570032,0.6686353267722711,0.2859561953604982,0.2865579971881162,0.14518508326291668
4,5,128863,0.20191098749637604,0.9319044256303206,0.3355522577897687,0.2841929379791745,0.14380811048132944,0.1439870356022608
5,1,128863,0.23565256595611572,0.9217773914932913,0.2822317911504973,0.3366669939327682,0.24191296384328337,0.2507898784543077
5,2,128863,1.6995246410369873,0.15544415386883745,0.5487272181639328,0.30598588378624436,0.23516880778454263,0.14884221632000463
5,3,128863,1.0206730365753174,0.6875674165586708,0.27957968252945914,0.34342620253402945,0.23963972788239354,0.15390789278539319
5,4,128863,0.08444498479366302,0.9960423084981724,0.6666458917627506,0.14308952964898075,0.28570538218403596,0.14353226608465236
5,5,128863,0.19609889388084412,0.9315862582742913,0.3339695308632433,0.2833372540895828,0.14312979894139,0.14220650162703977
6,1,128863,0.22471734881401062,0.9506064580213095,0.3287741781640971,0.3493988902730455,0.28180643842636893,0.27451514921334647
6,2,128863,1.6758487224578857,0.15875775047919108,0.6374802969437507,0.30633568382463433,0.27320584154732175,0.17309987687910655
6,3,128863,0.9527901411056519,0.6880718282206685,0.3237293257529829,0.3447887434061539,0.2774822792168425,0.15767899320522022
6,4,128863,0.08502397686243057,0.9960267881393418,0.6666406980367716,0.14309658112718107,0.2857031563014735,0.14348229664592285
6,5,128863,0.1965448558330536,0.9315164166595532,0.33369972612814763,0.28416613590047574,0.1430141683406347,0.14239970246952305
7,1,128863,0.20532770454883575,0.9579320673893981,0.34083716138672404,0.3525435423276541,0.29214613833147773,0.2805134635451046
7,2,128863,1.6427056789398193,0.1596346507531254,0.6612272181639328,0.30676466790072354,0.28338309349882834,0.17866920585906237
7,3,128863,0.9058974981307983,0.6883356743207903,0.3394584823383923,0.3459108211439013,0.2909644134329077,0.16023502240690327
7,4,128863,0.08868452906608582,0.9960190279599265,0.6666381011737821,0.14309961047775088,0.28570204336019234,0.1434678932970332
7,5,128863,0.21329091489315033,0.931446575044815,0.333429921393052,0.284404080857683,0.14289853773987943,0.14229252343348603
8,1,128863,0.24291081726551056,0.9313301723535848,0.29807241659548145,0.33995176519680476,0.25549064279612693,0.2595794168221137
8,2,128863,1.5905214548110962,0.15655385952523224,0.5785188848305994,0.3066074212735517,0.24793666492739977,0.1579824663709993
8,3,128863,0.8995640277862549,0.6878467830176234,0.29436797444731894,0.3421290111884038,0.25231540666913055,0.1555080094687081
8,4,128863,0.09256754070520401,0.9960423084981724,0.6666458917627506,0.1430912865512032,0.28570538218403596,0.14352583693597304
8,5,128863,0.18992052972316742,0.9315164166595532,0.3336297800138662,0.2835978401702537,0.14298419143451407,0.14204847374254234
9,1,128863,0.20169778168201447,0.9580096691835516,0.34100749215180787,0.352918987755467,0.29229213613012106,0.2806200155350591
9,2,128863,1.569158673286438,0.15964241093254075,0.6612302969437508,0.30676466790072354,0.2833844129758932,0.1786718445938373
9,3,128863,0.8535575866699219,0.6883667150384517,0.3393964519818607,0.34463768119577864,0.29091124455588063,0.1600414411443283
9,4,128863,0.09482881426811218,0.9960190279599265,0.6666381011737821,0.14310283626978845,0.28570204336019234,0.1434594011256953
9,5,128863,0.21803757548332214,0.9314388148653997,0.33346211741295817,0.2845198358929811,0.14291233603412493,0.14238206010614582
10,1,128863,0.24242597818374634,0.9245477755445706,0.28897647138033034,0.3486642509918213,0.24769411832599744,0.25813167981948676
10,2,128863,1.5548291206359863,0.1556459185336365,0.5537333757235687,0.3065463890695854,0.23731430388152946,0.1505894373560192
10,3,128863,0.8689950108528137,0.6880019866059304,0.2872989565017224,0.3521261116344489,0.24625624843004773,0.16002185130899504
10,4,128863,0.09621771425008774,0.9960423084981724,0.6666458917627506,0.14309276539134838,0.28570538218403596,0.14351388864618148
10,5,128863,0.2111670821905136,0.9314853759418917,0.33351375269350597,0.2835978227987027,0.142934465440074,0.14195094976640701
