round,source,client_id,class_name,rank,feature_name,normalized_mean_abs_shap
10,server,,BENIGN,1,Variance,0.6864712338217185
10,server,,BENIGN,2,Std,0.4933438841384684
10,server,,BENIGN,3,Tot sum,0.40233889339006146
10,server,,BENIGN,4,AVG,0.26563538433814826
10,server,,BENIGN,5,Time_To_Live,0.14318952855288275
10,server,,BENIGN,6,Tot size,0.10654671892431133
10,server,,BENIGN,7,IAT,0.0910285470892369
10,server,,BENIGN,8,Max,0.0860611729646913
10,server,,BENIGN,9,ack_flag_number,0.04933628570353449
10,server,,BENIGN,10,UDP,0.02975456579473504
10,client_1,1,BENIGN,1,Variance,0.8233836794404231
10,client_1,1,BENIGN,2,Std,0.40856496404805476
10,client_1,1,BENIGN,3,Tot sum,0.30538004762903914
10,client_1,1,BENIGN,4,AVG,0.1500995387229613
10,client_1,1,BENIGN,5,Tot size,0.1418704119176303
10,client_1,1,BENIGN,6,Time_To_Live,0.10084783347392169
10,client_1,1,BENIGN,7,Max,0.06745332712742623
10,client_1,1,BENIGN,8,IAT,0.05167825026553347
10,client_1,1,BENIGN,9,ack_flag_number,0.032515046126027444
10,client_1,1,BENIGN,10,Number,0.016213379700498527
10,client_2,2,BENIGN,1,Variance,0.824908871774976
10,client_2,2,BENIGN,2,Std,0.39926517178112914
10,client_2,2,BENIGN,3,Tot sum,0.31700629301247496
10,client_2,2,BENIGN,4,Tot size,0.13820798341982465
10,client_2,2,BENIGN,5,Time_To_Live,0.13341822825251073
10,client_2,2,BENIGN,6,AVG,0.10229508216046397
10,client_2,2,BENIGN,7,IAT,0.06508595572511607
10,client_2,2,BENIGN,8,Max,0.057512103771566396
10,client_2,2,BENIGN,9,ack_flag_number,0.05296771436139447
10,client_2,2,BENIGN,10,syn_flag_number,0.029502326793005643
10,client_3,3,BENIGN,1,Variance,0.7323632533195085
10,client_3,3,BENIGN,2,Std,0.42888236390217493
10,client_3,3,BENIGN,3,Tot sum,0.3550803832869939
10,client_3,3,BENIGN,4,Time_To_Live,0.2591862657007072
10,client_3,3,BENIGN,5,AVG,0.23585983013479117
10,client_3,3,BENIGN,6,Tot size,0.1013242176527081
10,client_3,3,BENIGN,7,Max,0.07642371465868371
10,client_3,3,BENIGN,8,IAT,0.07147632376485696
10,client_3,3,BENIGN,9,ack_flag_number,0.05838310651326594
10,client_3,3,BENIGN,10,syn_flag_number,0.04951024042650109
10,client_4,4,BENIGN,1,Variance,0.5778234517660416
10,client_4,4,BENIGN,2,Std,0.5512784888316403
10,client_4,4,BENIGN,3,Tot sum,0.38728597033545276
10,client_4,4,BENIGN,4,AVG,0.3551427188412224
10,client_4,4,BENIGN,5,Time_To_Live,0.18503357751456184
10,client_4,4,BENIGN,6,Tot size,0.14385847539027186
10,client_4,4,BENIGN,7,Max,0.09932311395159718
10,client_4,4,BENIGN,8,IAT,0.09381762559128096
10,client_4,4,BENIGN,9,syn_flag_number,0.06973125003096342
10,client_4,4,BENIGN,10,ack_flag_number,0.0626721907227969
10,client_5,5,BENIGN,1,Std,0.5802653268790524
10,client_5,5,BENIGN,2,Tot sum,0.4840468986439393
10,client_5,5,BENIGN,3,AVG,0.37562584633678964
10,client_5,5,BENIGN,4,Variance,0.3471658466048532
10,client_5,5,BENIGN,5,Time_To_Live,0.32597930845802564
10,client_5,5,BENIGN,6,Tot size,0.14850934189604612
10,client_5,5,BENIGN,7,IAT,0.1333019146345421
10,client_5,5,BENIGN,8,Max,0.10680739416019652
10,client_5,5,BENIGN,9,ack_flag_number,0.08109136080806964
10,client_5,5,BENIGN,10,Number,0.04241331902620093
10,server,,DDOS,1,Tot sum,0.693709573268438
10,server,,DDOS,2,AVG,0.38130873947553845
10,server,,DDOS,3,Tot size,0.3636639034640863
10,server,,DDOS,4,UDP,0.3109352226891111
10,server,,DDOS,5,fin_count,0.19959601013447809
10,server,,DDOS,6,syn_flag_number,0.16887436783186574
10,server,,DDOS,7,Variance,0.16591620689636885
10,server,,DDOS,8,rst_count,0.1357804619631336
10,server,,DDOS,9,ack_flag_number,0.11859874946377881
10,server,,DDOS,10,ack_count,0.05883376053052593
10,client_1,1,DDOS,1,Tot sum,0.6475057309108954
10,client_1,1,DDOS,2,AVG,0.4466217196754485
10,client_1,1,DDOS,3,Tot size,0.44405065213663397
10,client_1,1,DDOS,4,fin_count,0.26170724635127574
10,client_1,1,DDOS,5,Variance,0.2340053486241075
10,client_1,1,DDOS,6,syn_flag_number,0.14808225280638845
10,client_1,1,DDOS,7,rst_count,0.11174854565568104
10,client_1,1,DDOS,8,UDP,0.08397346685695128
10,client_1,1,DDOS,9,Std,0.08117691222176314
10,client_1,1,DDOS,10,syn_count,0.05324432759721629
10,client_2,2,DDOS,1,Variance,0.721053331242261
10,client_2,2,DDOS,2,Tot sum,0.4642932546786754
10,client_2,2,DDOS,3,ack_flag_number,0.2536119107122959
10,client_2,2,DDOS,4,syn_flag_number,0.24289343307836547
10,client_2,2,DDOS,5,UDP,0.19914421159308035
10,client_2,2,DDOS,6,fin_count,0.17766821771708066
10,client_2,2,DDOS,7,rst_count,0.16888315475307455
10,client_2,2,DDOS,8,ack_count,0.11118797750309047
10,client_2,2,DDOS,9,syn_count,0.10173023869108702
10,client_2,2,DDOS,10,Std,0.06966239471547071
10,client_3,3,DDOS,1,Variance,0.8113700135621689
10,client_3,3,DDOS,2,Tot sum,0.35721638958338864
10,client_3,3,DDOS,3,AVG,0.21540876751147833
10,client_3,3,DDOS,4,Tot size,0.20618036215100752
10,client_3,3,DDOS,5,UDP,0.1940102575550841
10,client_3,3,DDOS,6,syn_flag_number,0.17056099440350725
10,client_3,3,DDOS,7,fin_count,0.1530415031955845
10,client_3,3,DDOS,8,Std,0.10585598471895008
10,client_3,3,DDOS,9,rst_count,0.09733159236003408
10,client_3,3,DDOS,10,ack_flag_number,0.07182826168161974
10,client_4,4,DDOS,1,fin_count,0.5388663801476195
10,client_4,4,DDOS,2,syn_flag_number,0.4505996790839457
10,client_4,4,DDOS,3,UDP,0.3805419132968611
10,client_4,4,DDOS,4,Tot sum,0.3123089526381649
10,client_4,4,DDOS,5,rst_count,0.25769884343918464
10,client_4,4,DDOS,6,AVG,0.2149988994165366
10,client_4,4,DDOS,7,Variance,0.17453991660862148
10,client_4,4,DDOS,8,ack_flag_number,0.1713525903533145
10,client_4,4,DDOS,9,syn_count,0.16964422898719214
10,client_4,4,DDOS,10,Tot size,0.16819481439830603
10,client_5,5,DDOS,1,fin_count,0.6122055583787499
10,client_5,5,DDOS,2,syn_flag_number,0.3472470877727166
10,client_5,5,DDOS,3,Variance,0.31731000159319045
10,client_5,5,DDOS,4,rst_count,0.30185073108117494
10,client_5,5,DDOS,5,Tot sum,0.29267248628031806
10,client_5,5,DDOS,6,UDP,0.27789775799226213
10,client_5,5,DDOS,7,Std,0.2032725941470081
10,client_5,5,DDOS,8,AVG,0.14236576629485523
10,client_5,5,DDOS,9,Header_Length,0.1367223198619206
10,client_5,5,DDOS,10,ack_flag_number,0.13527707660828708
10,server,,DOS,1,Tot sum,0.7000905437456674
10,server,,DOS,2,AVG,0.507903133062861
10,server,,DOS,3,UDP,0.35553831091709565
10,server,,DOS,4,Tot size,0.2648961427037642
10,server,,DOS,5,Variance,0.11059024190144283
10,server,,DOS,6,syn_flag_number,0.09404568830220698
10,server,,DOS,7,Min,0.08608313894585105
10,server,,DOS,8,fin_count,0.08262888284417877
10,server,,DOS,9,ack_flag_number,0.07206672180294527
10,server,,DOS,10,Std,0.07029861044565222
10,client_1,1,DOS,1,Tot sum,0.747307169835388
10,client_1,1,DOS,2,AVG,0.499781980946353
10,client_1,1,DOS,3,Tot size,0.34816657109915317
10,client_1,1,DOS,4,Variance,0.16159281427871924
10,client_1,1,DOS,5,Std,0.11089991358108305
10,client_1,1,DOS,6,UDP,0.10812306332831477
10,client_1,1,DOS,7,fin_count,0.08125902643603242
10,client_1,1,DOS,8,Max,0.05906002895463498
10,client_1,1,DOS,9,syn_flag_number,0.05418468368085684
10,client_1,1,DOS,10,ack_flag_number,0.05239091309629168
10,client_2,2,DOS,1,Tot sum,0.610540538891546
10,client_2,2,DOS,2,Variance,0.4451430900704744
10,client_2,2,DOS,3,AVG,0.3972274458222681
10,client_2,2,DOS,4,UDP,0.32155810251805
10,client_2,2,DOS,5,Tot size,0.22294059981328446
10,client_2,2,DOS,6,Std,0.21815259031047968
10,client_2,2,DOS,7,ack_flag_number,0.18377019212855747
10,client_2,2,DOS,8,syn_count,0.09832758467172002
10,client_2,2,DOS,9,syn_flag_number,0.09055261711565726
10,client_2,2,DOS,10,ack_count,0.08802643364086353
10,client_3,3,DOS,1,Tot sum,0.6797579149702417
10,client_3,3,DOS,2,AVG,0.5291544587638058
10,client_3,3,DOS,3,Tot size,0.3275017830254593
10,client_3,3,DOS,4,Variance,0.27262052237186174
10,client_3,3,DOS,5,UDP,0.21417113373889934
10,client_3,3,DOS,6,syn_flag_number,0.09170360585555087
10,client_3,3,DOS,7,Min,0.07486052560715986
10,client_3,3,DOS,8,fin_count,0.0703180499528073
10,client_3,3,DOS,9,Std,0.050841530121816754
10,client_3,3,DOS,10,rst_count,0.05034134327089235
10,client_4,4,DOS,1,Variance,0.6289778352346689
10,client_4,4,DOS,2,Tot sum,0.5270522350186123
10,client_4,4,DOS,3,UDP,0.37113861660110603
10,client_4,4,DOS,4,AVG,0.3014751267840482
10,client_4,4,DOS,5,syn_flag_number,0.15935597726394846
10,client_4,4,DOS,6,Tot size,0.141590194017293
10,client_4,4,DOS,7,Max,0.10409369882512995
10,client_4,4,DOS,8,fin_count,0.10107833801004264
10,client_4,4,DOS,9,Std,0.09610437906961498
10,client_4,4,DOS,10,syn_count,0.08917454709926195
10,client_5,5,DOS,1,Tot sum,0.62614180058531
10,client_5,5,DOS,2,AVG,0.49095121052885476
10,client_5,5,DOS,3,UDP,0.42979185166572714
10,client_5,5,DOS,4,Tot size,0.22927188291638942
10,client_5,5,DOS,5,fin_count,0.2165266895405054
10,client_5,5,DOS,6,syn_flag_number,0.14837710091336442
10,client_5,5,DOS,7,Variance,0.1345927341851096
10,client_5,5,DOS,8,Std,0.11401282225958975
10,client_5,5,DOS,9,rst_count,0.09212400282921505
10,client_5,5,DOS,10,ack_flag_number,0.08242519739637165
10,server,,MIRAI,1,Tot sum,0.758332711831269
10,server,,MIRAI,2,AVG,0.5177285106823517
10,server,,MIRAI,3,Tot size,0.3827807376537799
10,server,,MIRAI,4,Variance,0.06969931456811648
10,server,,MIRAI,5,Min,0.04490549150532632
10,server,,MIRAI,6,Max,0.040614186000756995
10,server,,MIRAI,7,Std,0.032567562781567846
10,server,,MIRAI,8,UDP,0.025427666650957824
10,server,,MIRAI,9,syn_flag_number,0.008172436025804364
10,server,,MIRAI,10,syn_count,0.006885614205723354
10,client_1,1,MIRAI,1,Tot sum,0.7361525105545915
10,client_1,1,MIRAI,2,AVG,0.5269391687592112
10,client_1,1,MIRAI,3,Tot size,0.4099260152980493
10,client_1,1,MIRAI,4,Variance,0.0775241113667911
10,client_1,1,MIRAI,5,Std,0.04953695539532881
10,client_1,1,MIRAI,6,Max,0.04431848643198119
10,client_1,1,MIRAI,7,Min,0.03817575513273303
10,client_1,1,MIRAI,8,UDP,0.019368180271699453
10,client_1,1,MIRAI,9,syn_flag_number,0.007568122165110214
10,client_1,1,MIRAI,10,syn_count,0.006427519743088014
10,client_2,2,MIRAI,1,Tot sum,0.7585226406143865
10,client_2,2,MIRAI,2,AVG,0.5065838124471649
10,client_2,2,MIRAI,3,Tot size,0.3970507015268724
10,client_2,2,MIRAI,4,Variance,0.06405402669192581
10,client_2,2,MIRAI,5,Std,0.04727210791908026
10,client_2,2,MIRAI,6,Max,0.04136304877304002
10,client_2,2,MIRAI,7,Min,0.03710863521233811
10,client_2,2,MIRAI,8,UDP,0.026442223653524787
10,client_2,2,MIRAI,9,syn_flag_number,0.011335342076772269
10,client_2,2,MIRAI,10,syn_count,0.009456751503542164
10,client_3,3,MIRAI,1,Tot sum,0.7330575082751505
10,client_3,3,MIRAI,2,AVG,0.5320958864408285
10,client_3,3,MIRAI,3,Tot size,0.4061378678742001
10,client_3,3,MIRAI,4,Variance,0.08988221317279088
10,client_3,3,MIRAI,5,Max,0.043619842011003315
10,client_3,3,MIRAI,6,Std,0.03976574666995669
10,client_3,3,MIRAI,7,Min,0.039540694220124524
10,client_3,3,MIRAI,8,UDP,0.033199239807531505
10,client_3,3,MIRAI,9,syn_flag_number,0.013464303267676494
10,client_3,3,MIRAI,10,syn_count,0.01088402778803397
10,client_4,4,MIRAI,1,Tot sum,0.7617009107089063
10,client_4,4,MIRAI,2,AVG,0.5272532130491355
10,client_4,4,MIRAI,3,Tot size,0.3634658350851334
10,client_4,4,MIRAI,4,Variance,0.05573392890674609
10,client_4,4,MIRAI,5,Min,0.05279168437932303
10,client_4,4,MIRAI,6,Max,0.04093003959904004
10,client_4,4,MIRAI,7,Std,0.03177783895025184
10,client_4,4,MIRAI,8,UDP,0.029658067510089058
10,client_4,4,MIRAI,9,syn_flag_number,0.011816977090616704
10,client_4,4,MIRAI,10,syn_count,0.010083053736947593
10,client_5,5,MIRAI,1,Tot sum,0.7568340362064345
10,client_5,5,MIRAI,2,AVG,0.5177083283723567
10,client_5,5,MIRAI,3,Tot size,0.3885142704860297
10,client_5,5,MIRAI,4,Variance,0.04881481153176669
10,client_5,5,MIRAI,5,Std,0.04715372258799785
10,client_5,5,MIRAI,6,Max,0.04037432001761774
10,client_5,5,MIRAI,7,Min,0.03754527921739897
10,client_5,5,MIRAI,8,UDP,0.023553465840668385
10,client_5,5,MIRAI,9,syn_flag_number,0.003312321857879349
10,client_5,5,MIRAI,10,rst_count,0.002917568269661249
10,server,,RECON,1,Tot sum,0.7339438072283755
10,server,,RECON,2,Variance,0.4767401746853886
10,server,,RECON,3,Std,0.24767815283282157
10,server,,RECON,4,AVG,0.2281445860219424
10,server,,RECON,5,Tot size,0.2133488197467877
10,server,,RECON,6,IAT,0.19573938627379348
10,server,,RECON,7,syn_flag_number,0.13901070204011307
10,server,,RECON,8,Time_To_Live,0.08188674650403192
10,server,,RECON,9,Number,0.06238045191699005
10,server,,RECON,10,Max,0.04329704921914005
10,client_1,1,RECON,1,Tot sum,0.7407287987993241
10,client_1,1,RECON,2,syn_flag_number,0.49379586680101584
10,client_1,1,RECON,3,Variance,0.3416428038365507
10,client_1,1,RECON,4,Tot size,0.17426726857369862
10,client_1,1,RECON,5,Number,0.1321406415891963
10,client_1,1,RECON,6,Std,0.12186835476841276
10,client_1,1,RECON,7,syn_count,0.10269675182808877
10,client_1,1,RECON,8,AVG,0.08854724735972232
10,client_1,1,RECON,9,ack_flag_number,0.06316977752950603
10,client_1,1,RECON,10,IAT,0.05347146069958476
10,client_2,2,RECON,1,Tot sum,0.7347297585342948
10,client_2,2,RECON,2,Variance,0.4734842237582348
10,client_2,2,RECON,3,Tot size,0.2513035790933507
10,client_2,2,RECON,4,AVG,0.2283190190411555
10,client_2,2,RECON,5,IAT,0.2055904267463697
10,client_2,2,RECON,6,syn_flag_number,0.19399450329827622
10,client_2,2,RECON,7,Std,0.171860242610513
10,client_2,2,RECON,8,Number,0.05780403902372087
10,client_2,2,RECON,9,syn_count,0.051783247648722025
10,client_2,2,RECON,10,Time_To_Live,0.046867089353379056
10,client_3,3,RECON,1,Tot sum,0.7981545209946975
10,client_3,3,RECON,2,Variance,0.42285795740814786
10,client_3,3,RECON,3,IAT,0.2576626518746591
10,client_3,3,RECON,4,AVG,0.1802754269466766
10,client_3,3,RECON,5,Tot size,0.17758089749817785
10,client_3,3,RECON,6,Std,0.16917073235976873
10,client_3,3,RECON,7,syn_flag_number,0.08476859435147803
10,client_3,3,RECON,8,Number,0.08405698081572391
10,client_3,3,RECON,9,Time_To_Live,0.0561377863106244
10,client_3,3,RECON,10,syn_count,0.04841677362564508
10,client_4,4,RECON,1,Variance,0.8279193693820434
10,client_4,4,RECON,2,AVG,0.3677742487386359
10,client_4,4,RECON,3,Tot sum,0.277820505914098
10,client_4,4,RECON,4,Tot size,0.276728201780482
10,client_4,4,RECON,5,Std,0.1453663616388269
10,client_4,4,RECON,6,IAT,0.050212988568586636
10,client_4,4,RECON,7,Max,0.03672329829466114
10,client_4,4,RECON,8,syn_flag_number,0.012368050865004619
10,client_4,4,RECON,9,Number,0.0117414277751804
10,client_4,4,RECON,10,syn_count,0.008717034350006272
10,client_5,5,RECON,1,Tot sum,0.7909053119595745
10,client_5,5,RECON,2,Variance,0.4512858869210068
10,client_5,5,RECON,3,Tot size,0.22293774733722763
10,client_5,5,RECON,4,AVG,0.20830397900368405
10,client_5,5,RECON,5,Std,0.19094610538476942
10,client_5,5,RECON,6,IAT,0.1182715246910266
10,client_5,5,RECON,7,Number,0.10645660708307647
10,client_5,5,RECON,8,Time_To_Live,0.07369418555035831
10,client_5,5,RECON,9,syn_flag_number,0.06373447966620235
10,client_5,5,RECON,10,Max,0.04925947751709993
10,server,,SPOOFING,1,Variance,0.5815005116587723
10,server,,SPOOFING,2,Tot size,0.5782016204164961
10,server,,SPOOFING,3,AVG,0.401867950561674
10,server,,SPOOFING,4,Tot sum,0.32855651609963843
10,server,,SPOOFING,5,Std,0.20102680605201922
10,server,,SPOOFING,6,IAT,0.07945118902283536
10,server,,SPOOFING,7,Min,0.06694963002583655
10,server,,SPOOFING,8,syn_flag_number,0.04112914788266773
10,server,,SPOOFING,9,Max,0.036896800482012264
10,server,,SPOOFING,10,UDP,0.033318924430641515
10,client_1,1,SPOOFING,1,Tot size,0.5302614711128758
10,client_1,1,SPOOFING,2,Tot sum,0.5240518551566313
10,client_1,1,SPOOFING,3,Variance,0.5013912684998355
10,client_1,1,SPOOFING,4,AVG,0.3516139388950405
10,client_1,1,SPOOFING,5,Std,0.20666749876256413
10,client_1,1,SPOOFING,6,IAT,0.09441898096745514
10,client_1,1,SPOOFING,7,Time_To_Live,0.09039905191594093
10,client_1,1,SPOOFING,8,ack_flag_number,0.04815162800598603
10,client_1,1,SPOOFING,9,Number,0.044978212224413755
10,client_1,1,SPOOFING,10,syn_flag_number,0.03960861706036747
10,client_2,2,SPOOFING,1,Tot size,0.6093667551365267
10,client_2,2,SPOOFING,2,AVG,0.5176162225756012
10,client_2,2,SPOOFING,3,Tot sum,0.39809490547396253
10,client_2,2,SPOOFING,4,Variance,0.36205769881316197
10,client_2,2,SPOOFING,5,Std,0.23545740002818757
10,client_2,2,SPOOFING,6,Time_To_Live,0.08522891758262847
10,client_2,2,SPOOFING,7,Max,0.04264409972802917
10,client_2,2,SPOOFING,8,UDP,0.041501672310187296
10,client_2,2,SPOOFING,9,syn_flag_number,0.03766097873862993
10,client_2,2,SPOOFING,10,Min,0.030921077327229495
10,client_3,3,SPOOFING,1,Tot size,0.65275643573835
10,client_3,3,SPOOFING,2,Variance,0.5221419438220991
10,client_3,3,SPOOFING,3,AVG,0.4299134487084052
10,client_3,3,SPOOFING,4,Tot sum,0.25643291888436176
10,client_3,3,SPOOFING,5,Std,0.20431854493474827
10,client_3,3,SPOOFING,6,Min,0.04952466109101055
10,client_3,3,SPOOFING,7,Time_To_Live,0.04116114571925724
10,client_3,3,SPOOFING,8,Max,0.04080403794749483
10,client_3,3,SPOOFING,9,syn_flag_number,0.03502070688065823
10,client_3,3,SPOOFING,10,IAT,0.03164297981730449
10,client_4,4,SPOOFING,1,AVG,0.5917770419659409
10,client_4,4,SPOOFING,2,Variance,0.5297290936876452
10,client_4,4,SPOOFING,3,Tot size,0.45939921913140164
10,client_4,4,SPOOFING,4,Tot sum,0.31513740380406635
10,client_4,4,SPOOFING,5,Min,0.16108967029717938
10,client_4,4,SPOOFING,6,Std,0.10551625250034578
10,client_4,4,SPOOFING,7,syn_flag_number,0.09634201008175247
10,client_4,4,SPOOFING,8,Number,0.07503688732560446
10,client_4,4,SPOOFING,9,ack_flag_number,0.04593317243012573
10,client_4,4,SPOOFING,10,Time_To_Live,0.0404128332504413
10,client_5,5,SPOOFING,1,Variance,0.707329811305755
10,client_5,5,SPOOFING,2,Tot size,0.5189254609827946
10,client_5,5,SPOOFING,3,AVG,0.4303731503545645
10,client_5,5,SPOOFING,4,Tot sum,0.18944179632510988
10,client_5,5,SPOOFING,5,Std,0.06867842131527789
10,client_5,5,SPOOFING,6,Min,0.046181216004775066
10,client_5,5,SPOOFING,7,IAT,0.03798304925981431
10,client_5,5,SPOOFING,8,Max,0.01954405210406065
10,client_5,5,SPOOFING,9,Time_To_Live,0.016720691801985536
10,client_5,5,SPOOFING,10,syn_flag_number,0.01075218673284559
10,server,,WEB,1,IAT,0.771586860122373
10,server,,WEB,2,Tot sum,0.42772069913901833
10,server,,WEB,3,Variance,0.36670827238836895
10,server,,WEB,4,Tot size,0.22220365483143462
10,server,,WEB,5,Std,0.16214246960068782
10,server,,WEB,6,AVG,0.08196242904015495
10,server,,WEB,7,Time_To_Live,0.05494056974310243
10,server,,WEB,8,Max,0.026825549265022588
10,server,,WEB,9,UDP,0.017676226066275624
10,server,,WEB,10,Number,0.015945610239172122
10,client_1,1,WEB,1,IAT,0.7028649648040929
10,client_1,1,WEB,2,Tot sum,0.5611283490893277
10,client_1,1,WEB,3,Std,0.3072793552273374
10,client_1,1,WEB,4,Variance,0.21255056053882507
10,client_1,1,WEB,5,Tot size,0.162753042102899
10,client_1,1,WEB,6,AVG,0.1286951747793532
10,client_1,1,WEB,7,Time_To_Live,0.06366026005359278
10,client_1,1,WEB,8,Max,0.04996384243425975
10,client_1,1,WEB,9,UDP,0.02337341189595372
10,client_1,1,WEB,10,syn_flag_number,0.020623673655640967
10,client_2,2,WEB,1,IAT,0.7467734142828145
10,client_2,2,WEB,2,Tot sum,0.49687122800192557
10,client_2,2,WEB,3,Variance,0.3465806102700511
10,client_2,2,WEB,4,Std,0.1812282187216351
10,client_2,2,WEB,5,Tot size,0.15987970024382955
10,client_2,2,WEB,6,AVG,0.10262592735979013
10,client_2,2,WEB,7,Time_To_Live,0.065899944103782
10,client_2,2,WEB,8,Max,0.029181216571570925
10,client_2,2,WEB,9,UDP,0.01927067346942005
10,client_2,2,WEB,10,ack_flag_number,0.01800140691134875
10,client_3,3,WEB,1,IAT,0.5271516237776173
10,client_3,3,WEB,2,Tot sum,0.4663251551498091
10,client_3,3,WEB,3,Variance,0.45898664612450724
10,client_3,3,WEB,4,Tot size,0.4359244411633052
10,client_3,3,WEB,5,AVG,0.26035477019042863
10,client_3,3,WEB,6,Min,0.1277841812634869
10,client_3,3,WEB,7,Std,0.1050444527367751
10,client_3,3,WEB,8,Time_To_Live,0.06944607256908647
10,client_3,3,WEB,9,Max,0.04307796831292046
10,client_3,3,WEB,10,Number,0.029449174547410258
10,client_4,4,WEB,1,Variance,0.558582959703461
10,client_4,4,WEB,2,Tot size,0.5178703333187578
10,client_4,4,WEB,3,IAT,0.4414136850259473
10,client_4,4,WEB,4,Tot sum,0.40907893638849874
10,client_4,4,WEB,5,AVG,0.21504972515875212
10,client_4,4,WEB,6,Std,0.0813094357624294
10,client_4,4,WEB,7,Time_To_Live,0.04979228603917865
10,client_4,4,WEB,8,syn_flag_number,0.02610310637568368
10,client_4,4,WEB,9,Max,0.025153158665209896
10,client_4,4,WEB,10,Min,0.019703379781119135
10,client_5,5,WEB,1,Variance,0.6569705301454348
10,client_5,5,WEB,2,Tot size,0.5183877590489573
10,client_5,5,WEB,3,IAT,0.3774832898822655
10,client_5,5,WEB,4,AVG,0.33089079627660817
10,client_5,5,WEB,5,Tot sum,0.1985566318780832
10,client_5,5,WEB,6,Std,0.06950540859937826
10,client_5,5,WEB,7,Time_To_Live,0.04394861167076202
10,client_5,5,WEB,8,Number,0.02558324560963322
10,client_5,5,WEB,9,Max,0.01936973035613739
10,client_5,5,WEB,10,syn_flag_number,0.016373871604629043
