round,client_id,num_examples,size_weight,consensus_alignment,shap_stability,shap_quality,validation_f1,utility_score,utility_weight,final_weight,local_loss,local_accuracy,local_balanced_accuracy,local_precision,local_recall,local_f1,shap_source_round,shap_calculated
1,1,1225117,0.47535675512502046,0.809042334332842,1.0,0.8663296340329893,0.33604596802491615,0.29112658049728724,0.20681355019263395,0.4216481141385432,0.18495501577854156,0.9402638108919943,0.46919025047403856,0.3650688227031363,0.46919025047403856,0.3966779879308473,1,1
1,2,119203,0.04625186923466723,0.9778555222562362,1.0,0.9844988655793652,0.25086708976376004,0.24697836528361852,0.1754510785577488,0.07209171109928356,0.6660441160202026,0.7628938626220597,0.3974453981249595,0.35714544696585415,0.3974453981249595,0.3483643122021843,1,1
1,3,706868,0.27427133798789255,0.991775515418509,1.0,0.9942428607929563,0.3128647429686934,0.31106353709044665,0.22097657428347667,0.26361238524700936,0.6089203357696533,0.5376984800642832,0.4266686085087962,0.3526182889755045,0.4266686085087962,0.2890701606277423,1,1
1,4,412772,0.16015936316814228,0.984133514741122,1.0,0.9888934603187853,0.2549407120905955,0.2521092029554042,0.17909597677539535,0.1639466858895929,0.6928176879882812,0.7936100316881959,0.40043617937194576,0.2643173196339663,0.40043617937194576,0.2558346196175379,1,1
1,5,113298,0.04396067448427748,0.9644619024711883,1.0,0.9751233317298318,0.31421547742837763,0.30639884323103933,0.21766282019074518,0.07870110362557102,0.8037506937980652,0.6023300970873786,0.42464720901354147,0.41084263207979216,0.42464720901354147,0.37128674681311497,1,1
2,1,1225117,0.47535675512502046,0.809042334332842,1.0,0.8663296340329893,0.3347988271942489,0.2900461454378677,0.1986559110490377,0.4200165863098239,0.13413815200328827,0.944893561447042,0.4741798141502271,0.3645657133824411,0.4741798141502271,0.40156409805650295,1,0
2,2,119203,0.04625186923466723,0.9778555222562362,1.0,0.9844988655793652,0.27624798112444515,0.27196582403560615,0.18627249283534833,0.07425599395480345,0.5941648483276367,0.7922217375255864,0.41556625770205524,0.4458203538512302,0.41556625770205524,0.38476516816928585,1,0
2,3,706868,0.27427133798789255,0.991775515418509,1.0,0.9942428607929563,0.31561810986879796,0.3138010524740193,0.21492591764411856,0.26240225391913774,0.5856199264526367,0.525730259509501,0.4283748995793285,0.3551865918293573,0.4283748995793285,0.2933764456610968,1,0
2,4,412772,0.16015936316814228,0.984133514741122,1.0,0.9888934603187853,0.27228145606348253,0.26925735126725453,0.18441742896426627,0.16501097632736708,0.6488726735115051,0.8141249890980977,0.40958704789104317,0.33960353569034146,0.40958704789104317,0.2773805034754909,1,0
2,5,113298,0.04396067448427748,0.9644619024711883,1.0,0.9751233317298318,0.32300785053214387,0.31497249138579564,0.2157282495072292,0.07831418948886783,0.7721801996231079,0.46983230361871137,0.4303623525863697,0.40543710509426867,0.4303623525863697,0.32300343482493393,1,0
3,1,1225117,0.47535675512502046,0.809042334332842,1.0,0.8663296340329893,0.3591362609309738,0.3111303855003067,0.20698699184124897,0.42168280246826617,0.08993149548768997,0.9725316703669845,0.479223768762392,0.3987173697148799,0.479223768762392,0.4311189777319969,1,0
3,2,119203,0.04625186923466723,0.9778555222562362,1.0,0.9844988655793652,0.28200510704333537,0.27763370797175113,0.18470251934537554,0.07394199925680889,0.5457075834274292,0.8039998657763162,0.42158767697054894,0.4574894178267573,0.42158767697054894,0.3985604986092397,1,0
3,3,706868,0.27427133798789255,0.991775515418509,1.0,0.9942428607929563,0.3202967961940568,0.31845280295079753,0.21185840662976524,0.2617887517162671,0.5391106009483337,0.5399846082459059,0.4316370894848343,0.360425356229612,0.4316370894848343,0.29871244616798076,1,0
3,4,412772,0.16015936316814228,0.984133514741122,1.0,0.9888934603187853,0.2707106279274328,0.2677039695962302,0.1780965214361239,0.16374679482173862,0.6336939930915833,0.8110433847257081,0.4089577840520694,0.3233694678301384,0.4089577840520694,0.2734830247329111,1,0
3,5,113298,0.04396067448427748,0.9644619024711883,1.0,0.9751233317298318,0.33659222706634223,0.3282189338912957,0.21835556074748633,0.07883965173691926,0.7236538529396057,0.45006178287731685,0.44018602623874004,0.38413722195471306,0.44018602623874004,0.30953331040862075,1,0
4,1,1225117,0.47535675512502046,0.809042334332842,1.0,0.8663296340329893,0.3725870125630126,0.3227831702391595,0.20404980493576388,0.42109536508716916,0.0740998238325119,0.9775205694136084,0.48170999001901654,0.4142996812252441,0.48170999001901654,0.4418797046037296,1,0
4,2,119203,0.04625186923466723,0.9778555222562362,1.0,0.9844988655793652,0.28347829050338147,0.2790840554169568,0.17642508135203647,0.07228651165814108,0.5435131192207336,0.8052414348511795,0.42404707280162,0.4701075470468371,0.42404707280162,0.40363757378934395,1,0
4,3,706868,0.27427133798789255,0.991775515418509,1.0,0.9942428607929563,0.3273583752579041,0.3254737275209527,0.2057506609255964,0.2605672025754333,0.5282294750213623,0.5447832139340645,0.433834315797702,0.36895760491242274,0.433834315797702,0.3113057570577025,1,0
4,4,412772,0.16015936316814228,0.984133514741122,1.0,0.9888934603187853,0.2834651164576771,0.2803167998934998,0.17720437002990608,0.16356836454049506,0.5852354168891907,0.8359578653590845,0.4134680221084313,0.3616536065904784,0.4134680221084313,0.2957084203861068,1,0
4,5,113298,0.04396067448427748,0.9644619024711883,1.0,0.9751233317298318,0.38377349097233826,0.374226485146535,0.23657008275669708,0.0824825561387614,0.6927416920661926,0.5716857899382172,0.480148108805552,0.42332945052796356,0.480148108805552,0.3882497461452174,1,0
5,1,1225117,0.47535675512502046,0.8869105631755463,0.9192449754796682,0.8966108868667828,0.3736472456738391,0.3350161883189516,0.21306337387170352,0.4228980788743571,0.07352381199598312,0.9786698445866527,0.4839702905713875,0.41901826261460123,0.4839702905713875,0.445884447624801,5,1
5,2,119203,0.04625186923466723,0.9992226730240268,0.7526867031089635,0.9252618820495078,0.2924778654754896,0.27061862026767425,0.17210785113417257,0.07142306561456829,0.5116121172904968,0.8097379282574411,0.42705268162693955,0.4599417733302903,0.42705268162693955,0.4155474560342274,5,1
5,3,706868,0.27427133798789255,0.939667640459119,0.9091068090553936,0.9304993910380014,0.36346134944238895,0.33820056432199314,0.2150885712160127,0.2624347846335166,0.5044960975646973,0.5641813510791204,0.43997287766527704,0.4022269393862986,0.43997287766527704,0.33699613392499367,5,1
5,4,412772,0.16015936316814228,0.9779999939948214,0.6881622085916043,0.8910486583738563,0.2870352515782415,0.2557623758247944,0.16265958661911817,0.16065940785833746,0.5445894598960876,0.8360256994175962,0.4149825600768102,0.34829224522219815,0.4149825600768102,0.3025022200117018,5,1
5,5,113298,0.04396067448427748,0.9759909318438919,0.9226765242084,0.9599966095532442,0.38831426338126857,0.3727803762871833,0.23708061715899298,0.08258466301922059,0.6812049150466919,0.5693203883495146,0.48187345655381797,0.42441461879783604,0.48187345655381797,0.38881005202100194,5,1
6,1,1225117,0.47535675512502046,0.8869105631755463,1.0,0.9208373942228822,0.37508655102354965,0.34539372225257364,0.1963705226606694,0.4195595086321503,0.07415175437927246,0.9785751599843281,0.48396862795139295,0.4183904960367007,0.48396862795139295,0.44567670635081186,5,0
6,2,119203,0.04625186923466723,0.9992226730240268,1.0,0.9994558711168187,0.3026522540962181,0.3024875722632044,0.17197661346098725,0.07139681807993124,0.48406320810317993,0.8163148887621221,0.43052270609442955,0.46202803623014926,0.43052270609442955,0.4262134128200298,5,0
6,3,706868,0.27427133798789255,0.939667640459119,1.0,0.9577673483213833,0.3886366758800371,0.37222351851806,0.2116243642220401,0.2617419432347221,0.4782888889312744,0.6976142781154155,0.4546934654327921,0.4319995147685939,0.4546934654327921,0.37689090962907223,5,0
6,4,412772,0.16015936316814228,0.9779999939948214,1.0,0.9845999957963749,0.3342605354436008,0.3291129217926634,0.18711421865260539,0.16555033426503493,0.5382895469665527,0.8359287936197223,0.42126960016776216,0.3544899652416674,0.42126960016776216,0.3110504883583603,5,0
6,5,113298,0.04396067448427748,0.9759909318438919,1.0,0.9831936522907243,0.41667284269792015,0.4096700940225266,0.2329142810036979,0.08175139578816158,0.6373386383056641,0.5957634598411298,0.48606991295997737,0.4340985975684801,0.48606991295997737,0.4004058706920107,5,0
7,1,1225117,0.47535675512502046,0.8869105631755463,1.0,0.9208373942228822,0.3753294421116591,0.34561738544922826,0.19819561123767152,0.4199245263475507,0.07030275464057922,0.9792248922554525,0.4853862809594717,0.4223468943421863,0.4853862809594717,0.44862383564362734,5,0
7,2,119203,0.04625186923466723,0.9992226730240268,1.0,0.9994558711168187,0.30286631344194226,0.3027015151330558,0.17358534130563436,0.07171856364886066,0.4931906759738922,0.8215831683500554,0.43362200416556207,0.4765360635147172,0.43362200416556207,0.42859597083073836,5,0
7,3,706868,0.27427133798789255,0.939667640459119,1.0,0.9577673483213833,0.3677370726168523,0.3522065609197106,0.20197419910652847,0.25981191021161976,0.5149877071380615,0.5503174549281907,0.45477000287658437,0.43277968702424424,0.45477000287658437,0.3610672883267345,5,0
7,4,412772,0.16015936316814228,0.9779999939948214,1.0,0.9845999957963749,0.3344152033324588,0.32926520779538276,0.18881839243556064,0.16589116902162596,0.5383449792861938,0.8459294719603074,0.42320890931440663,0.3696947440037702,0.42320890931440663,0.3202216385415926,5,0
7,5,113298,0.04396067448427748,0.9759909318438919,1.0,0.9831936522907243,0.42110615661224765,0.4140289001217055,0.2374264559146051,0.08265383077034301,0.6407279968261719,0.5919152691968226,0.4865014730607985,0.435152839052798,0.4865014730607985,0.39938838921035874,5,0
8,1,1225117,0.47535675512502046,0.8869105631755463,1.0,0.9208373942228822,0.3777000930796566,0.34780036950921106,0.19593851009637125,0.4194731061192906,0.06550933420658112,0.9801913281964216,0.4845947172995246,0.4263402454419301,0.4845947172995246,0.45041456912201155,5,0
8,2,119203,0.04625186923466723,0.9992226730240268,1.0,0.9994558711168187,0.3091066870524991,0.30893849317608935,0.17404509417215488,0.07181051422216476,0.48016026616096497,0.8230596288715144,0.4351552884041306,0.471660383446002,0.4351552884041306,0.432244017628668,5,0
8,3,706868,0.27427133798789255,0.939667640459119,1.0,0.9577673483213833,0.39074485100279965,0.37424265981518545,0.2108351675478842,0.2615841038998909,0.4817725718021393,0.7173010106497357,0.4577200178898908,0.439125366433354,0.4577200178898908,0.38617859906738017,5,0
8,4,412772,0.16015936316814228,0.9779999939948214,1.0,0.9845999957963749,0.33371329441266084,0.3285741082759003,0.18510710992823898,0.16514891252016162,0.5269964933395386,0.8456387545666857,0.42375282038017653,0.3690352926735502,0.42375282038017653,0.32201086998719497,5,0
8,5,113298,0.04396067448427748,0.9759909318438919,1.0,0.9831936522907243,0.42259520772432374,0.41549292572303514,0.23407411825535074,0.08198336323849213,0.6263870596885681,0.600423654015887,0.48789450790637345,0.4367652930582179,0.48789450790637345,0.4035079015255266,5,0
9,1,1225117,0.47535675512502046,0.8869105631755463,1.0,0.9208373942228822,0.3775966721583526,0.3477051356575293,0.19678267490079906,0.4196419390801762,0.0660116896033287,0.9805210918114144,0.4860794301248654,0.4282919884875748,0.4860794301248654,0.45235885367612116,5,0
9,2,119203,0.04625186923466723,0.9992226730240268,1.0,0.9994558711168187,0.30961278445503077,0.3094443151964066,0.17512907872943081,0.07202731113361996,0.4845731556415558,0.8236300795275326,0.43614917008228293,0.47018113553790714,0.43614917008228293,0.4335378198464945,5,0
9,3,706868,0.27427133798789255,0.939667640459119,1.0,0.9577673483213833,0.37301673149161585,0.35726324580023433,0.20219205856526845,0.25985548210336773,0.49267226457595825,0.5567344582894782,0.460573113712485,0.4443703798116745,0.460573113712485,0.37427405475493536,5,0
9,4,412772,0.16015936316814228,0.9779999939948214,1.0,0.9845999957963749,0.33871228033465234,0.3334961097936793,0.18874111948363362,0.16587571443124055,0.5230504870414734,0.8481098524124698,0.427458579305372,0.3952896581986183,0.427458579305372,0.3287860403737976,5,0
9,5,113298,0.04396067448427748,0.9759909318438919,1.0,0.9831936522907243,0.42620406755313733,0.4190411337987317,0.23715506832086808,0.0825995532515956,0.6168608069419861,0.5997881729920564,0.48756032841211755,0.436109891944687,0.48756032841211755,0.4021478795549635,5,0
10,1,1225117,0.47535675512502046,0.9333916937983495,0.9776069637064881,0.9466562747707911,0.3820919261494635,0.3617097194286473,0.20126563228146274,0.4205385305563089,0.06567012518644333,0.9808149405772496,0.4868236248688601,0.42993248030238423,0.4868236248688601,0.45352645480873816,10,1
10,2,119203,0.04625186923466723,0.9903041223294202,0.9667179175970686,0.9832282609097147,0.3110882568830633,0.3058707658045689,0.17019524156916016,0.07104054370156582,0.4681171178817749,0.8246703130767424,0.43830304032230893,0.46041257743772657,0.43830304032230893,0.43578365153636867,10,1
10,3,706868,0.27427133798789255,0.9586517744423376,0.9533454064898482,0.9570598640565908,0.387989376958331,0.37132906036714164,0.20661810867931893,0.26074069212617784,0.4845992624759674,0.6704070892608562,0.4599874065154292,0.4374790017296487,0.4599874065154292,0.3824847409408725,10,1
10,4,412772,0.16015936316814228,0.9928051481656981,0.991998202403228,0.992563064436957,0.34305742359673763,0.3405061276430251,0.18946734741891533,0.16602096001829691,0.497597336769104,0.8582849611892279,0.4290252339386861,0.41429915910635506,0.4290252339386861,0.340497687582424,10,1
10,5,113298,0.04396067448427748,0.9906098912781518,0.9606151296330119,0.9816114627846098,0.4255860096718851,0.4177601054946842,0.23245367005114273,0.08165927359765053,0.6101229190826416,0.5982347749338041,0.4886979876578469,0.43742075055632174,0.4886979876578469,0.40305078816121687,10,1
11,1,1225117,0.47535675512502046,0.9333916937983495,1.0,0.9533741856588447,0.38189985942701865,0.36409346748446114,0.2015096752103555,0.42058733914208746,0.06492523103952408,0.9817258717513386,0.48771165167018876,0.4346723318980161,0.48771165167018876,0.45671986493374556,10,0
11,2,119203,0.04625186923466723,0.9903041223294202,1.0,0.9932128856305942,0.31686771802635844,0.31471710058414093,0.1741820339706084,0.07183790218185547,0.4654446542263031,0.8260796617563169,0.43757015802610827,0.4675363158241196,0.43757015802610827,0.43720859361916126,10,0
11,3,706868,0.27427133798789255,0.9586517744423376,1.0,0.9710562421096363,0.3709542161638439,0.36021740714278794,0.19936444677233187,0.2592899597447804,0.489787757396698,0.5578039588496927,0.460597892175937,0.4444500141829633,0.460597892175937,0.37396804671049744,10,0
11,4,412772,0.16015936316814228,0.9928051481656981,1.0,0.9949636037159886,0.3449696671177276,0.3432322631681592,0.189963918744801,0.16612027428347403,0.5227046012878418,0.8453383465932767,0.42957125555255443,0.388200660062241,0.42957125555255443,0.3332575331660904,10,0
11,5,113298,0.04396067448427748,0.9906098912781518,1.0,0.9934269238947062,0.4273776623424118,0.4245684764421326,0.23497992530190323,0.08216452464780263,0.6033475995063782,0.6008120035304502,0.4891915907481223,0.43780227070355654,0.4891915907481223,0.4041200282139993,10,0
12,1,1225117,0.47535675512502046,0.9333916937983495,1.0,0.9533741856588447,0.38419641194726006,0.3662829413732691,0.19959103130936356,0.4202036103618891,0.060358062386512756,0.9816442470941622,0.488414192253516,0.4353579206546075,0.488414192253516,0.4577039841382803,10,0
12,2,119203,0.04625186923466723,0.9903041223294202,1.0,0.9932128856305942,0.3291262764547088,0.326892458774434,0.1781267856194091,0.0726268525116156,0.4704766571521759,0.8066843394516963,0.44280685639708944,0.45130112856187216,0.44280685639708944,0.43682299397968183,10,0
12,3,706868,0.27427133798789255,0.9586517744423376,1.0,0.9710562421096363,0.37690589545380065,0.3659968224683351,0.19943512241800548,0.25930409487391515,0.48360970616340637,0.570066433526862,0.4563267954197997,0.4428252793743,0.4563267954197997,0.37017443272889183,10,0
12,4,412772,0.16015936316814228,0.9928051481656981,1.0,0.9949636037159886,0.34262918470474624,0.3409035683521054,0.1857615714489411,0.16527980482430205,0.5081803798675537,0.8507456901146395,0.42840135019996306,0.4014205717055145,0.42840135019996306,0.3359263113673555,10,0
12,5,113298,0.04396067448427748,0.9906098912781518,1.0,0.9934269238947062,0.43797035830934133,0.43509154581231124,0.23708548920428077,0.08258563742827814,0.6300752758979797,0.5951632833186231,0.49698719423139937,0.43673068021445083,0.49698719423139937,0.40755960522603374,10,0
13,1,1225117,0.47535675512502046,0.9333916937983495,1.0,0.9533741856588447,0.3706384760504832,0.3533571552784647,0.1919989600459382,0.418685196109204,0.06616877764463425,0.9806353663314614,0.4800147616807621,0.42870473998399133,0.4800147616807621,0.44956343113920694,10,0
13,2,119203,0.04625186923466723,0.9903041223294202,1.0,0.9932128856305942,0.3162964204151084,0.31414968043511743,0.17069531787115996,0.07114055896196578,0.45759478211402893,0.8258783262306634,0.43932752133496566,0.4830140083307561,0.43932752133496566,0.44099132983245093,10,0
13,3,706868,0.27427133798789255,0.9586517744423376,1.0,0.9710562421096363,0.3881766699869934,0.37694137843220227,0.2048136045249513,0.2603797912953043,0.4744921922683716,0.6041263481931665,0.46840608965392727,0.4513786727097123,0.46840608965392727,0.3865890368481218,10,0
13,4,412772,0.16015936316814228,0.9928051481656981,1.0,0.9949636037159886,0.35605632597777137,0.35426308522071814,0.19249120310424012,0.16662573115536186,0.48860523104667664,0.8897405831790917,0.4377074492785144,0.410575868714642,0.4377074492785144,0.35713697563389885,10,0
13,5,113298,0.04396067448427748,0.9906098912781518,1.0,0.9934269238947062,0.44462306071543184,0.44170051949918065,0.24000091445371058,0.0831687224781641,0.5962339043617249,0.6053309796999118,0.49719964081273627,0.4377696617807007,0.49719964081273627,0.4108237373616219,10,0
14,1,1225117,0.47535675512502046,0.9333916937983495,1.0,0.9533741856588447,0.3878535823052818,0.3697695931851637,0.19895028971427434,0.4200754620428713,0.0633784756064415,0.9821568499412302,0.4883201207149727,0.43841415902193787,0.4883201207149727,0.4596118852372348,10,0
14,2,119203,0.04625186923466723,0.9903041223294202,1.0,0.9932128856305942,0.31915478860601465,0.3169886485542021,0.17055210765914638,0.07111191691956306,0.4480918347835541,0.8266165564913929,0.4390848676105254,0.47840361795689557,0.4390848676105254,0.4411333550055711,10,0
14,3,706868,0.27427133798789255,0.9586517744423376,1.0,0.9710562421096363,0.38467567707903527,0.3735417174153479,0.20097983790391574,0.2596130379710972,0.4790652096271515,0.5706832354372503,0.4646339285845984,0.4489913689953422,0.4646339285845984,0.38300296625960534,10,0
14,4,412772,0.16015936316814228,0.9928051481656981,1.0,0.9949636037159886,0.3538622747338547,0.35208008408833324,0.18943265217841726,0.1660140209701973,0.467970073223114,0.8916593179769946,0.43732118829446387,0.41780951159294,0.43732118829446387,0.3572670855100464,10,0
14,5,113298,0.04396067448427748,0.9906098912781518,1.0,0.9934269238947062,0.44917535961709143,0.4462228957937056,0.24008511254424625,0.08318556209627123,0.6045311093330383,0.6049779346866726,0.497307024011069,0.43761606901717176,0.497307024011069,0.41074151139738324,10,0
