round,source,client_id,class_id,class_name,available,feature_id,feature_name,normalized_mean_abs_shap,feature_rank_within_class
10,client_1,1,0,BENIGN,1,0,Header_Length,0.000771094037743672,18
10,client_1,1,0,BENIGN,1,1,Protocol Type,5.393317766782545e-05,24
10,client_1,1,0,BENIGN,1,2,Time_To_Live,0.16821524029519527,4
10,client_1,1,0,BENIGN,1,3,Rate,0.0002851669266703452,19
10,client_1,1,0,BENIGN,1,4,fin_flag_number,7.454862041461582e-05,23
10,client_1,1,0,BENIGN,1,5,syn_flag_number,0.0030570341052750206,16
10,client_1,1,0,BENIGN,1,6,rst_flag_number,1.538983229350934e-05,27
10,client_1,1,0,BENIGN,1,7,psh_flag_number,4.503098626834923e-05,25
10,client_1,1,0,BENIGN,1,8,ack_flag_number,0.031057352358723395,10
10,client_1,1,0,BENIGN,1,9,ece_flag_number,0.0,34
10,client_1,1,0,BENIGN,1,10,cwr_flag_number,0.0,35
10,client_1,1,0,BENIGN,1,11,ack_count,0.001815620258017152,17
10,client_1,1,0,BENIGN,1,12,syn_count,0.007891115496383756,12
10,client_1,1,0,BENIGN,1,13,fin_count,0.006204827788252417,13
10,client_1,1,0,BENIGN,1,14,rst_count,0.003676209960156361,15
10,client_1,1,0,BENIGN,1,15,HTTP,2.221732253349005e-05,26
10,client_1,1,0,BENIGN,1,16,HTTPS,0.00012677908661667782,22
10,client_1,1,0,BENIGN,1,17,DNS,2.503915106054361e-06,30
10,client_1,1,0,BENIGN,1,18,Telnet,0.0,36
10,client_1,1,0,BENIGN,1,19,SMTP,0.0,37
10,client_1,1,0,BENIGN,1,20,SSH,1.0606034161984998e-06,32
10,client_1,1,0,BENIGN,1,21,IRC,0.0,38
10,client_1,1,0,BENIGN,1,22,TCP,0.00013925476769026369,21
10,client_1,1,0,BENIGN,1,23,UDP,0.005049911848136414,14
10,client_1,1,0,BENIGN,1,24,DHCP,6.881027999329902e-09,33
10,client_1,1,0,BENIGN,1,25,ARP,4.413167097185864e-06,29
10,client_1,1,0,BENIGN,1,26,ICMP,0.0001625226394010586,20
10,client_1,1,0,BENIGN,1,27,IGMP,0.0,39
10,client_1,1,0,BENIGN,1,28,IPv,2.421623755889906e-06,31
10,client_1,1,0,BENIGN,1,29,LLC,4.828096306357881e-06,28
10,client_1,1,0,BENIGN,1,30,Tot sum,0.4636780413491571,2
10,client_1,1,0,BENIGN,1,31,Min,0.012491700338682467,11
10,client_1,1,0,BENIGN,1,32,Max,0.03140668662767906,9
10,client_1,1,0,BENIGN,1,33,AVG,0.1424344570630008,6
10,client_1,1,0,BENIGN,1,34,Std,0.18072644928703227,3
10,client_1,1,0,BENIGN,1,35,Tot size,0.16352557320416694,5
10,client_1,1,0,BENIGN,1,36,IAT,0.04785166052559285,7
10,client_1,1,0,BENIGN,1,37,Number,0.04704604332747334,8
10,client_1,1,0,BENIGN,1,38,Variance,0.8186896846634061,1
10,client_2,2,0,BENIGN,1,0,Header_Length,8.207664619220114e-05,18
10,client_2,2,0,BENIGN,1,1,Protocol Type,2.7625187120220113e-05,23
10,client_2,2,0,BENIGN,1,2,Time_To_Live,0.00577020190979868,10
10,client_2,2,0,BENIGN,1,3,Rate,7.394625805558519e-05,19
10,client_2,2,0,BENIGN,1,4,fin_flag_number,1.2547228773220994e-05,24
10,client_2,2,0,BENIGN,1,5,syn_flag_number,0.0029365334542425,13
10,client_2,2,0,BENIGN,1,6,rst_flag_number,2.172871120054417e-06,32
10,client_2,2,0,BENIGN,1,7,psh_flag_number,4.247143074999791e-05,21
10,client_2,2,0,BENIGN,1,8,ack_flag_number,0.009396312441353713,9
10,client_2,2,0,BENIGN,1,9,ece_flag_number,0.0,34
10,client_2,2,0,BENIGN,1,10,cwr_flag_number,0.0,35
10,client_2,2,0,BENIGN,1,11,ack_count,0.0007920040347538101,16
10,client_2,2,0,BENIGN,1,12,syn_count,0.005220451585301643,11
10,client_2,2,0,BENIGN,1,13,fin_count,0.0010051075099647144,14
10,client_2,2,0,BENIGN,1,14,rst_count,0.0008689084586966382,15
10,client_2,2,0,BENIGN,1,15,HTTP,8.540341470762664e-06,26
10,client_2,2,0,BENIGN,1,16,HTTPS,3.3443968878631565e-05,22
10,client_2,2,0,BENIGN,1,17,DNS,2.374337885590524e-06,31
10,client_2,2,0,BENIGN,1,18,Telnet,0.0,36
10,client_2,2,0,BENIGN,1,19,SMTP,0.0,37
10,client_2,2,0,BENIGN,1,20,SSH,8.747613917729528e-08,33
10,client_2,2,0,BENIGN,1,21,IRC,0.0,38
10,client_2,2,0,BENIGN,1,22,TCP,6.234729540557682e-05,20
10,client_2,2,0,BENIGN,1,23,UDP,0.0045565752907701035,12
10,client_2,2,0,BENIGN,1,24,DHCP,2.485856963517123e-06,30
10,client_2,2,0,BENIGN,1,25,ARP,7.772784787897832e-06,27
10,client_2,2,0,BENIGN,1,26,ICMP,6.825238205718868e-06,28
10,client_2,2,0,BENIGN,1,27,IGMP,0.0,39
10,client_2,2,0,BENIGN,1,28,IPv,9.665839169725228e-06,25
10,client_2,2,0,BENIGN,1,29,LLC,5.7391888178281285e-06,29
10,client_2,2,0,BENIGN,1,30,Tot sum,0.2770469344389719,4
10,client_2,2,0,BENIGN,1,31,Min,0.0006566855948928313,17
10,client_2,2,0,BENIGN,1,32,Max,0.06292415323153977,6
10,client_2,2,0,BENIGN,1,33,AVG,0.3438969890915769,2
10,client_2,2,0,BENIGN,1,34,Std,0.3123618312229513,3
10,client_2,2,0,BENIGN,1,35,Tot size,0.2389157198787167,5
10,client_2,2,0,BENIGN,1,36,IAT,0.017142359271258983,8
10,client_2,2,0,BENIGN,1,37,Number,0.02561310600018635,7
10,client_2,2,0,BENIGN,1,38,Variance,0.8032675848152627,1
10,client_3,3,0,BENIGN,1,0,Header_Length,0.0010086706458888753,18
10,client_3,3,0,BENIGN,1,1,Protocol Type,2.515580167141739e-05,26
10,client_3,3,0,BENIGN,1,2,Time_To_Live,0.3482267529916318,3
10,client_3,3,0,BENIGN,1,3,Rate,0.0005186253015262777,19
10,client_3,3,0,BENIGN,1,4,fin_flag_number,0.00011929073052276953,21
10,client_3,3,0,BENIGN,1,5,syn_flag_number,0.003903433324793951,16
10,client_3,3,0,BENIGN,1,6,rst_flag_number,2.9927623588183904e-05,25
10,client_3,3,0,BENIGN,1,7,psh_flag_number,6.83976520035879e-05,23
10,client_3,3,0,BENIGN,1,8,ack_flag_number,0.018632449421016658,9
10,client_3,3,0,BENIGN,1,9,ece_flag_number,0.0,33
10,client_3,3,0,BENIGN,1,10,cwr_flag_number,0.0,34
10,client_3,3,0,BENIGN,1,11,ack_count,0.0018528069263094873,17
10,client_3,3,0,BENIGN,1,12,syn_count,0.00570954071480133,13
10,client_3,3,0,BENIGN,1,13,fin_count,0.008731147640178504,11
10,client_3,3,0,BENIGN,1,14,rst_count,0.005391358140289126,14
10,client_3,3,0,BENIGN,1,15,HTTP,9.618323552623759e-07,31
10,client_3,3,0,BENIGN,1,16,HTTPS,0.00019038080313915805,20
10,client_3,3,0,BENIGN,1,17,DNS,2.105079616779286e-06,30
10,client_3,3,0,BENIGN,1,18,Telnet,0.0,35
10,client_3,3,0,BENIGN,1,19,SMTP,0.0,36
10,client_3,3,0,BENIGN,1,20,SSH,6.662243063253526e-08,32
10,client_3,3,0,BENIGN,1,21,IRC,0.0,37
10,client_3,3,0,BENIGN,1,22,TCP,8.306553430454468e-05,22
10,client_3,3,0,BENIGN,1,23,UDP,0.005200925917942323,15
10,client_3,3,0,BENIGN,1,24,DHCP,0.0,38
10,client_3,3,0,BENIGN,1,25,ARP,7.707343947910242e-06,28
10,client_3,3,0,BENIGN,1,26,ICMP,4.692206184469772e-05,24
10,client_3,3,0,BENIGN,1,27,IGMP,0.0,39
10,client_3,3,0,BENIGN,1,28,IPv,5.238630532086182e-06,29
10,client_3,3,0,BENIGN,1,29,LLC,7.853826373092847e-06,27
10,client_3,3,0,BENIGN,1,30,Tot sum,0.478774529594845,2
10,client_3,3,0,BENIGN,1,31,Min,0.008445738517729695,12
10,client_3,3,0,BENIGN,1,32,Max,0.017890977206886028,10
10,client_3,3,0,BENIGN,1,33,AVG,0.08861118276140431,7
10,client_3,3,0,BENIGN,1,34,Std,0.12759958534583818,5
10,client_3,3,0,BENIGN,1,35,Tot size,0.23016416680922877,4
10,client_3,3,0,BENIGN,1,36,IAT,0.11846027225887369,6
10,client_3,3,0,BENIGN,1,37,Number,0.06159496232807349,8
10,client_3,3,0,BENIGN,1,38,Variance,0.7440790329904897,1
10,client_4,4,0,BENIGN,1,0,Header_Length,0.004075882985038545,16
10,client_4,4,0,BENIGN,1,1,Protocol Type,2.0887078595331894e-05,26
10,client_4,4,0,BENIGN,1,2,Time_To_Live,0.626449798008622,1
10,client_4,4,0,BENIGN,1,3,Rate,0.0013795502285454402,18
10,client_4,4,0,BENIGN,1,4,fin_flag_number,8.534007212106282e-05,23
10,client_4,4,0,BENIGN,1,5,syn_flag_number,0.0026813369265838833,17
10,client_4,4,0,BENIGN,1,6,rst_flag_number,4.500946683784208e-05,24
10,client_4,4,0,BENIGN,1,7,psh_flag_number,3.5378468143906574e-05,25
10,client_4,4,0,BENIGN,1,8,ack_flag_number,0.00700429111008767,13
10,client_4,4,0,BENIGN,1,9,ece_flag_number,0.0,33
10,client_4,4,0,BENIGN,1,10,cwr_flag_number,0.0,34
10,client_4,4,0,BENIGN,1,11,ack_count,0.00016862865963352812,22
10,client_4,4,0,BENIGN,1,12,syn_count,0.009548770703350157,10
10,client_4,4,0,BENIGN,1,13,fin_count,0.008093474542733816,12
10,client_4,4,0,BENIGN,1,14,rst_count,0.005965485810941455,14
10,client_4,4,0,BENIGN,1,15,HTTP,1.1302107660183116e-05,27
10,client_4,4,0,BENIGN,1,16,HTTPS,0.0005303413822088938,19
10,client_4,4,0,BENIGN,1,17,DNS,3.610394517269834e-08,31
10,client_4,4,0,BENIGN,1,18,Telnet,0.0,35
10,client_4,4,0,BENIGN,1,19,SMTP,0.0,36
10,client_4,4,0,BENIGN,1,20,SSH,0.0,37
10,client_4,4,0,BENIGN,1,21,IRC,0.0,38
10,client_4,4,0,BENIGN,1,22,TCP,0.0003729366015036991,21
10,client_4,4,0,BENIGN,1,23,UDP,0.009341595208855177,11
10,client_4,4,0,BENIGN,1,24,DHCP,0.0,39
10,client_4,4,0,BENIGN,1,25,ARP,1.4275572327984567e-07,29
10,client_4,4,0,BENIGN,1,26,ICMP,0.0004021917404726171,20
10,client_4,4,0,BENIGN,1,27,IGMP,5.6042474643672214e-08,30
10,client_4,4,0,BENIGN,1,28,IPv,8.609961553966401e-07,28
10,client_4,4,0,BENIGN,1,29,LLC,3.949575281514703e-09,32
10,client_4,4,0,BENIGN,1,30,Tot sum,0.52351205160168,3
10,client_4,4,0,BENIGN,1,31,Min,0.004599730457202372,15
10,client_4,4,0,BENIGN,1,32,Max,0.024485070182492595,6
10,client_4,4,0,BENIGN,1,33,AVG,0.013502554847528374,7
10,client_4,4,0,BENIGN,1,34,Std,0.12125553595560863,5
10,client_4,4,0,BENIGN,1,35,Tot size,0.012117060136692356,8
10,client_4,4,0,BENIGN,1,36,IAT,0.010292879293992566,9
10,client_4,4,0,BENIGN,1,37,Number,0.1607503725268244,4
10,client_4,4,0,BENIGN,1,38,Variance,0.5399458402246261,2
10,client_5,5,0,BENIGN,0,0,Header_Length,0.0,1
10,client_5,5,0,BENIGN,0,1,Protocol Type,0.0,2
10,client_5,5,0,BENIGN,0,2,Time_To_Live,0.0,3
10,client_5,5,0,BENIGN,0,3,Rate,0.0,4
10,client_5,5,0,BENIGN,0,4,fin_flag_number,0.0,5
10,client_5,5,0,BENIGN,0,5,syn_flag_number,0.0,6
10,client_5,5,0,BENIGN,0,6,rst_flag_number,0.0,7
10,client_5,5,0,BENIGN,0,7,psh_flag_number,0.0,8
10,client_5,5,0,BENIGN,0,8,ack_flag_number,0.0,9
10,client_5,5,0,BENIGN,0,9,ece_flag_number,0.0,10
10,client_5,5,0,BENIGN,0,10,cwr_flag_number,0.0,11
10,client_5,5,0,BENIGN,0,11,ack_count,0.0,12
10,client_5,5,0,BENIGN,0,12,syn_count,0.0,13
10,client_5,5,0,BENIGN,0,13,fin_count,0.0,14
10,client_5,5,0,BENIGN,0,14,rst_count,0.0,15
10,client_5,5,0,BENIGN,0,15,HTTP,0.0,16
10,client_5,5,0,BENIGN,0,16,HTTPS,0.0,17
10,client_5,5,0,BENIGN,0,17,DNS,0.0,18
10,client_5,5,0,BENIGN,0,18,Telnet,0.0,19
10,client_5,5,0,BENIGN,0,19,SMTP,0.0,20
10,client_5,5,0,BENIGN,0,20,SSH,0.0,21
10,client_5,5,0,BENIGN,0,21,IRC,0.0,22
10,client_5,5,0,BENIGN,0,22,TCP,0.0,23
10,client_5,5,0,BENIGN,0,23,UDP,0.0,24
10,client_5,5,0,BENIGN,0,24,DHCP,0.0,25
10,client_5,5,0,BENIGN,0,25,ARP,0.0,26
10,client_5,5,0,BENIGN,0,26,ICMP,0.0,27
10,client_5,5,0,BENIGN,0,27,IGMP,0.0,28
10,client_5,5,0,BENIGN,0,28,IPv,0.0,29
10,client_5,5,0,BENIGN,0,29,LLC,0.0,30
10,client_5,5,0,BENIGN,0,30,Tot sum,0.0,31
10,client_5,5,0,BENIGN,0,31,Min,0.0,32
10,client_5,5,0,BENIGN,0,32,Max,0.0,33
10,client_5,5,0,BENIGN,0,33,AVG,0.0,34
10,client_5,5,0,BENIGN,0,34,Std,0.0,35
10,client_5,5,0,BENIGN,0,35,Tot size,0.0,36
10,client_5,5,0,BENIGN,0,36,IAT,0.0,37
10,client_5,5,0,BENIGN,0,37,Number,0.0,38
10,client_5,5,0,BENIGN,0,38,Variance,0.0,39
10,client_1,1,1,DDOS,1,0,Header_Length,0.10150148847553599,12
10,client_1,1,1,DDOS,1,1,Protocol Type,0.024847354295199454,19
10,client_1,1,1,DDOS,1,2,Time_To_Live,0.042963746976522325,17
10,client_1,1,1,DDOS,1,3,Rate,0.01596234620062786,21
10,client_1,1,1,DDOS,1,4,fin_flag_number,0.001869330129809207,24
10,client_1,1,1,DDOS,1,5,syn_flag_number,0.3879296261062567,4
10,client_1,1,1,DDOS,1,6,rst_flag_number,0.0006588189025340522,25
10,client_1,1,1,DDOS,1,7,psh_flag_number,0.017900879469947645,20
10,client_1,1,1,DDOS,1,8,ack_flag_number,0.13663527430306346,9
10,client_1,1,1,DDOS,1,9,ece_flag_number,0.0,33
10,client_1,1,1,DDOS,1,10,cwr_flag_number,0.0,34
10,client_1,1,1,DDOS,1,11,ack_count,0.05190652311180491,15
10,client_1,1,1,DDOS,1,12,syn_count,0.24162824771010308,5
10,client_1,1,1,DDOS,1,13,fin_count,0.41812019540036216,3
10,client_1,1,1,DDOS,1,14,rst_count,0.11856933019415203,10
10,client_1,1,1,DDOS,1,15,HTTP,0.0004498499598586321,26
10,client_1,1,1,DDOS,1,16,HTTPS,0.0003411202053243674,27
10,client_1,1,1,DDOS,1,17,DNS,7.936767590909446e-05,28
10,client_1,1,1,DDOS,1,18,Telnet,0.0,35
10,client_1,1,1,DDOS,1,19,SMTP,0.0,36
10,client_1,1,1,DDOS,1,20,SSH,0.0,37
10,client_1,1,1,DDOS,1,21,IRC,0.0,38
10,client_1,1,1,DDOS,1,22,TCP,0.043967419221183475,16
10,client_1,1,1,DDOS,1,23,UDP,0.17555484736724847,7
10,client_1,1,1,DDOS,1,24,DHCP,7.4428643981869e-08,32
10,client_1,1,1,DDOS,1,25,ARP,5.045664599451079e-06,31
10,client_1,1,1,DDOS,1,26,ICMP,0.07357593372309294,13
10,client_1,1,1,DDOS,1,27,IGMP,0.0,39
10,client_1,1,1,DDOS,1,28,IPv,7.500325025269437e-06,30
10,client_1,1,1,DDOS,1,29,LLC,9.245512085590261e-06,29
10,client_1,1,1,DDOS,1,30,Tot sum,0.4560832090496238,2
10,client_1,1,1,DDOS,1,31,Min,0.0053602057122602255,23
10,client_1,1,1,DDOS,1,32,Max,0.05321521557164842,14
10,client_1,1,1,DDOS,1,33,AVG,0.18365049187999985,6
10,client_1,1,1,DDOS,1,34,Std,0.11562546606665014,11
10,client_1,1,1,DDOS,1,35,Tot size,0.1697493983680869,8
10,client_1,1,1,DDOS,1,36,IAT,0.03712073803969388,18
10,client_1,1,1,DDOS,1,37,Number,0.012959088601709806,22
10,client_1,1,1,DDOS,1,38,Variance,0.4909565862815949,1
10,client_2,2,1,DDOS,1,0,Header_Length,0.14456638537309005,7
10,client_2,2,1,DDOS,1,1,Protocol Type,0.0384432920140407,15
10,client_2,2,1,DDOS,1,2,Time_To_Live,0.03845072132879852,14
10,client_2,2,1,DDOS,1,3,Rate,0.02171096623233946,20
10,client_2,2,1,DDOS,1,4,fin_flag_number,0.0014128472560162677,25
10,client_2,2,1,DDOS,1,5,syn_flag_number,0.2558360493551863,4
10,client_2,2,1,DDOS,1,6,rst_flag_number,0.0007214147777917426,26
10,client_2,2,1,DDOS,1,7,psh_flag_number,0.014184340748177955,21
10,client_2,2,1,DDOS,1,8,ack_flag_number,0.12419958712287367,8
10,client_2,2,1,DDOS,1,9,ece_flag_number,0.0,31
10,client_2,2,1,DDOS,1,10,cwr_flag_number,0.0,32
10,client_2,2,1,DDOS,1,11,ack_count,0.037202851344461184,17
10,client_2,2,1,DDOS,1,12,syn_count,0.20007980696259065,5
10,client_2,2,1,DDOS,1,13,fin_count,0.35402087703284213,3
10,client_2,2,1,DDOS,1,14,rst_count,0.12196079918526564,9
10,client_2,2,1,DDOS,1,15,HTTP,0.0030399837492473543,23
10,client_2,2,1,DDOS,1,16,HTTPS,0.0076257107569725315,22
10,client_2,2,1,DDOS,1,17,DNS,2.9045296776694488e-05,30
10,client_2,2,1,DDOS,1,18,Telnet,0.0,33
10,client_2,2,1,DDOS,1,19,SMTP,0.0,34
10,client_2,2,1,DDOS,1,20,SSH,0.0,35
10,client_2,2,1,DDOS,1,21,IRC,0.0,36
10,client_2,2,1,DDOS,1,22,TCP,0.0696987946755605,11
10,client_2,2,1,DDOS,1,23,UDP,0.19291117474711594,6
10,client_2,2,1,DDOS,1,24,DHCP,0.0,37
10,client_2,2,1,DDOS,1,25,ARP,8.487423120751598e-05,27
10,client_2,2,1,DDOS,1,26,ICMP,0.09671877746569166,10
10,client_2,2,1,DDOS,1,27,IGMP,0.0,38
10,client_2,2,1,DDOS,1,28,IPv,3.081680802278196e-05,29
10,client_2,2,1,DDOS,1,29,LLC,3.978097684681748e-05,28
10,client_2,2,1,DDOS,1,30,Tot sum,0.586293216068385,1
10,client_2,2,1,DDOS,1,31,Min,0.0024718928577500306,24
10,client_2,2,1,DDOS,1,32,Max,0.03787654335549154,16
10,client_2,2,1,DDOS,1,33,AVG,0.03052678752764328,18
10,client_2,2,1,DDOS,1,34,Std,0.0590907377280017,13
10,client_2,2,1,DDOS,1,35,Tot size,0.0616808286714789,12
10,client_2,2,1,DDOS,1,36,IAT,0.0286921012159563,19
10,client_2,2,1,DDOS,1,37,Number,0.0,39
10,client_2,2,1,DDOS,1,38,Variance,0.5542958672663402,2
10,client_3,3,1,DDOS,1,0,Header_Length,0.01493658327608894,12
10,client_3,3,1,DDOS,1,1,Protocol Type,0.004590199457556018,18
10,client_3,3,1,DDOS,1,2,Time_To_Live,0.001933437558112,22
10,client_3,3,1,DDOS,1,3,Rate,0.0027607213080395377,20
10,client_3,3,1,DDOS,1,4,fin_flag_number,0.0002967684551992256,23
10,client_3,3,1,DDOS,1,5,syn_flag_number,0.08249403044607864,5
10,client_3,3,1,DDOS,1,6,rst_flag_number,0.00021375602107046767,24
10,client_3,3,1,DDOS,1,7,psh_flag_number,0.003186337371327819,19
10,client_3,3,1,DDOS,1,8,ack_flag_number,0.020954332490329373,10
10,client_3,3,1,DDOS,1,9,ece_flag_number,0.0,32
10,client_3,3,1,DDOS,1,10,cwr_flag_number,0.0,33
10,client_3,3,1,DDOS,1,11,ack_count,0.01446740091549668,13
10,client_3,3,1,DDOS,1,12,syn_count,0.03230668163032044,8
10,client_3,3,1,DDOS,1,13,fin_count,0.07254509681240234,6
10,client_3,3,1,DDOS,1,14,rst_count,0.027106102738763228,9
10,client_3,3,1,DDOS,1,15,HTTP,3.583783509975319e-05,25
10,client_3,3,1,DDOS,1,16,HTTPS,1.8113382525997834e-05,26
10,client_3,3,1,DDOS,1,17,DNS,4.689977469268968e-06,27
10,client_3,3,1,DDOS,1,18,Telnet,0.0,34
10,client_3,3,1,DDOS,1,19,SMTP,0.0,35
10,client_3,3,1,DDOS,1,20,SSH,0.0,36
10,client_3,3,1,DDOS,1,21,IRC,0.0,37
10,client_3,3,1,DDOS,1,22,TCP,0.006746738426284085,16
10,client_3,3,1,DDOS,1,23,UDP,0.05601038433091967,7
10,client_3,3,1,DDOS,1,24,DHCP,1.428800784490237e-07,31
10,client_3,3,1,DDOS,1,25,ARP,7.983251410266258e-07,28
10,client_3,3,1,DDOS,1,26,ICMP,0.011777913197172847,15
10,client_3,3,1,DDOS,1,27,IGMP,0.0,38
10,client_3,3,1,DDOS,1,28,IPv,4.960647034580743e-07,30
10,client_3,3,1,DDOS,1,29,LLC,7.667484729387397e-07,29
10,client_3,3,1,DDOS,1,30,Tot sum,0.9552610226335438,1
10,client_3,3,1,DDOS,1,31,Min,0.006410991280787544,17
10,client_3,3,1,DDOS,1,32,Max,0.011811852887477043,14
10,client_3,3,1,DDOS,1,33,AVG,0.12488001460253781,4
10,client_3,3,1,DDOS,1,34,Std,0.017461343115855805,11
10,client_3,3,1,DDOS,1,35,Tot size,0.1601514634356491,3
10,client_3,3,1,DDOS,1,36,IAT,0.002701863491498386,21
10,client_3,3,1,DDOS,1,37,Number,0.0,39
10,client_3,3,1,DDOS,1,38,Variance,0.166306709177969,2
10,client_4,4,1,DDOS,1,0,Header_Length,0.0839276635302813,12
10,client_4,4,1,DDOS,1,1,Protocol Type,0.02062090244901243,18
10,client_4,4,1,DDOS,1,2,Time_To_Live,0.016813782462256923,20
10,client_4,4,1,DDOS,1,3,Rate,0.022221583667290695,17
10,client_4,4,1,DDOS,1,4,fin_flag_number,0.0009450952135373562,25
10,client_4,4,1,DDOS,1,5,syn_flag_number,0.3836249734857939,3
10,client_4,4,1,DDOS,1,6,rst_flag_number,0.0011560346221565123,24
10,client_4,4,1,DDOS,1,7,psh_flag_number,0.017712749716050274,19
10,client_4,4,1,DDOS,1,8,ack_flag_number,0.1224655959426166,8
10,client_4,4,1,DDOS,1,9,ece_flag_number,0.0,31
10,client_4,4,1,DDOS,1,10,cwr_flag_number,0.0,32
10,client_4,4,1,DDOS,1,11,ack_count,0.08415615226759778,11
10,client_4,4,1,DDOS,1,12,syn_count,0.1983036168676507,5
10,client_4,4,1,DDOS,1,13,fin_count,0.21321306654539393,4
10,client_4,4,1,DDOS,1,14,rst_count,0.13378067716711733,7
10,client_4,4,1,DDOS,1,15,HTTP,0.004142511250988166,22
10,client_4,4,1,DDOS,1,16,HTTPS,0.0028874619946540696,23
10,client_4,4,1,DDOS,1,17,DNS,4.295515179109752e-05,27
10,client_4,4,1,DDOS,1,18,Telnet,0.0,33
10,client_4,4,1,DDOS,1,19,SMTP,0.0,34
10,client_4,4,1,DDOS,1,20,SSH,0.0,35
10,client_4,4,1,DDOS,1,21,IRC,0.0,36
10,client_4,4,1,DDOS,1,22,TCP,0.03897947178944053,16
10,client_4,4,1,DDOS,1,23,UDP,0.15556349343291936,6
10,client_4,4,1,DDOS,1,24,DHCP,0.0,37
10,client_4,4,1,DDOS,1,25,ARP,3.5366742906392626e-05,28
10,client_4,4,1,DDOS,1,26,ICMP,0.04726138507224384,15
10,client_4,4,1,DDOS,1,27,IGMP,4.455942146890991e-07,30
10,client_4,4,1,DDOS,1,28,IPv,2.5941654341486408e-05,29
10,client_4,4,1,DDOS,1,29,LLC,5.6285038026466674e-05,26
10,client_4,4,1,DDOS,1,30,Tot sum,0.583766741212755,1
10,client_4,4,1,DDOS,1,31,Min,0.0,38
10,client_4,4,1,DDOS,1,32,Max,0.10134328960321054,10
10,client_4,4,1,DDOS,1,33,AVG,0.06049202704004598,14
10,client_4,4,1,DDOS,1,34,Std,0.11806255217206216,9
10,client_4,4,1,DDOS,1,35,Tot size,0.06300489322036168,13
10,client_4,4,1,DDOS,1,36,IAT,0.013478222971076972,21
10,client_4,4,1,DDOS,1,37,Number,0.0,39
10,client_4,4,1,DDOS,1,38,Variance,0.5645590333550311,2
10,client_5,5,1,DDOS,1,0,Header_Length,0.004851444704645408,15
10,client_5,5,1,DDOS,1,1,Protocol Type,0.0009979091608478168,23
10,client_5,5,1,DDOS,1,2,Time_To_Live,0.00379718230114707,17
10,client_5,5,1,DDOS,1,3,Rate,0.0012077026931188346,20
10,client_5,5,1,DDOS,1,4,fin_flag_number,0.00013394362892982201,24
10,client_5,5,1,DDOS,1,5,syn_flag_number,0.04336762929147824,7
10,client_5,5,1,DDOS,1,6,rst_flag_number,0.00012165243610752579,25
10,client_5,5,1,DDOS,1,7,psh_flag_number,0.0011674322244645309,21
10,client_5,5,1,DDOS,1,8,ack_flag_number,0.011786595413599877,12
10,client_5,5,1,DDOS,1,9,ece_flag_number,0.0,32
10,client_5,5,1,DDOS,1,10,cwr_flag_number,0.0,33
10,client_5,5,1,DDOS,1,11,ack_count,0.004399746960706008,16
10,client_5,5,1,DDOS,1,12,syn_count,0.031010575180969724,8
10,client_5,5,1,DDOS,1,13,fin_count,0.029312850560561248,9
10,client_5,5,1,DDOS,1,14,rst_count,0.009410362085259714,13
10,client_5,5,1,DDOS,1,15,HTTP,3.48744953410905e-05,27
10,client_5,5,1,DDOS,1,16,HTTPS,8.552187744959718e-05,26
10,client_5,5,1,DDOS,1,17,DNS,2.8271561042173383e-06,28
10,client_5,5,1,DDOS,1,18,Telnet,0.0,34
10,client_5,5,1,DDOS,1,19,SMTP,0.0,35
10,client_5,5,1,DDOS,1,20,SSH,0.0,36
10,client_5,5,1,DDOS,1,21,IRC,0.0,37
10,client_5,5,1,DDOS,1,22,TCP,0.002165479841001383,19
10,client_5,5,1,DDOS,1,23,UDP,0.014419082699170815,11
10,client_5,5,1,DDOS,1,24,DHCP,0.0,38
10,client_5,5,1,DDOS,1,25,ARP,8.813183652386827e-07,31
10,client_5,5,1,DDOS,1,26,ICMP,0.0030155119286028884,18
10,client_5,5,1,DDOS,1,27,IGMP,0.0,39
10,client_5,5,1,DDOS,1,28,IPv,9.175410103113291e-07,30
10,client_5,5,1,DDOS,1,29,LLC,2.0159657988414252e-06,29
10,client_5,5,1,DDOS,1,30,Tot sum,0.5855859959733362,1
10,client_5,5,1,DDOS,1,31,Min,0.0010494338206969544,22
10,client_5,5,1,DDOS,1,32,Max,0.053360089180052285,6
10,client_5,5,1,DDOS,1,33,AVG,0.5328653699639855,2
10,client_5,5,1,DDOS,1,34,Std,0.15977639320306167,5
10,client_5,5,1,DDOS,1,35,Tot size,0.44441997374999104,3
10,client_5,5,1,DDOS,1,36,IAT,0.00922354503103224,14
10,client_5,5,1,DDOS,1,37,Number,0.02090463947168452,10
10,client_5,5,1,DDOS,1,38,Variance,0.37752279237895725,4
10,client_1,1,2,DOS,1,0,Header_Length,0.07691431202777692,10
10,client_1,1,2,DOS,1,1,Protocol Type,0.019076775303399744,19
10,client_1,1,2,DOS,1,2,Time_To_Live,0.042866758314221105,15
10,client_1,1,2,DOS,1,3,Rate,0.016939304401398743,20
10,client_1,1,2,DOS,1,4,fin_flag_number,0.0012060984092324342,25
10,client_1,1,2,DOS,1,5,syn_flag_number,0.3633499636512453,4
10,client_1,1,2,DOS,1,6,rst_flag_number,0.0003841437620925747,27
10,client_1,1,2,DOS,1,7,psh_flag_number,0.0077470128478951536,23
10,client_1,1,2,DOS,1,8,ack_flag_number,0.07326577538081917,12
10,client_1,1,2,DOS,1,9,ece_flag_number,0.0,33
10,client_1,1,2,DOS,1,10,cwr_flag_number,0.0,34
10,client_1,1,2,DOS,1,11,ack_count,0.030090729000252378,16
10,client_1,1,2,DOS,1,12,syn_count,0.37153648067808936,3
10,client_1,1,2,DOS,1,13,fin_count,0.27296165262632943,5
10,client_1,1,2,DOS,1,14,rst_count,0.07381169402453737,11
10,client_1,1,2,DOS,1,15,HTTP,0.000471265605040947,26
10,client_1,1,2,DOS,1,16,HTTPS,0.003324085276718526,24
10,client_1,1,2,DOS,1,17,DNS,5.930815492143613e-05,28
10,client_1,1,2,DOS,1,18,Telnet,0.0,35
10,client_1,1,2,DOS,1,19,SMTP,0.0,36
10,client_1,1,2,DOS,1,20,SSH,0.0,37
10,client_1,1,2,DOS,1,21,IRC,0.0,38
10,client_1,1,2,DOS,1,22,TCP,0.04478817019667075,14
10,client_1,1,2,DOS,1,23,UDP,0.1258444696875386,9
10,client_1,1,2,DOS,1,24,DHCP,1.5899366625528631e-07,32
10,client_1,1,2,DOS,1,25,ARP,1.835152132589557e-05,31
10,client_1,1,2,DOS,1,26,ICMP,0.029009920219556156,17
10,client_1,1,2,DOS,1,27,IGMP,0.0,39
10,client_1,1,2,DOS,1,28,IPv,2.1394445025424652e-05,30
10,client_1,1,2,DOS,1,29,LLC,5.171465958711676e-05,29
10,client_1,1,2,DOS,1,30,Tot sum,0.5767956160428809,1
10,client_1,1,2,DOS,1,31,Min,0.009507812303413313,22
10,client_1,1,2,DOS,1,32,Max,0.05619824889056306,13
10,client_1,1,2,DOS,1,33,AVG,0.17495485963605514,7
10,client_1,1,2,DOS,1,34,Std,0.14266980317228423,8
10,client_1,1,2,DOS,1,35,Tot size,0.23656238031578458,6
10,client_1,1,2,DOS,1,36,IAT,0.02327338399693895,18
10,client_1,1,2,DOS,1,37,Number,0.010754745384584414,21
10,client_1,1,2,DOS,1,38,Variance,0.4159586516415614,2
10,client_2,2,2,DOS,1,0,Header_Length,0.027675339726896397,15
10,client_2,2,2,DOS,1,1,Protocol Type,0.011612609887761808,19
10,client_2,2,2,DOS,1,2,Time_To_Live,0.03068370437731055,13
10,client_2,2,2,DOS,1,3,Rate,0.012946204866933394,17
10,client_2,2,2,DOS,1,4,fin_flag_number,0.00017676266086996215,26
10,client_2,2,2,DOS,1,5,syn_flag_number,0.11762467217323079,4
10,client_2,2,2,DOS,1,6,rst_flag_number,0.0003458817003013107,25
10,client_2,2,2,DOS,1,7,psh_flag_number,0.0013302324426505145,23
10,client_2,2,2,DOS,1,8,ack_flag_number,0.03958297136611405,12
10,client_2,2,2,DOS,1,9,ece_flag_number,0.0,31
10,client_2,2,2,DOS,1,10,cwr_flag_number,0.0,32
10,client_2,2,2,DOS,1,11,ack_count,0.030154511797604422,14
10,client_2,2,2,DOS,1,12,syn_count,0.18893167607298467,3
10,client_2,2,2,DOS,1,13,fin_count,0.051822771427558964,8
10,client_2,2,2,DOS,1,14,rst_count,0.06195921373041561,7
10,client_2,2,2,DOS,1,15,HTTP,0.0018467700098841096,22
10,client_2,2,2,DOS,1,16,HTTPS,0.003931024212063706,20
10,client_2,2,2,DOS,1,17,DNS,1.8012368194721592e-05,29
10,client_2,2,2,DOS,1,18,Telnet,0.0,33
10,client_2,2,2,DOS,1,19,SMTP,0.0,34
10,client_2,2,2,DOS,1,20,SSH,0.0,35
10,client_2,2,2,DOS,1,21,IRC,0.0,36
10,client_2,2,2,DOS,1,22,TCP,0.019152931189337866,16
10,client_2,2,2,DOS,1,23,UDP,0.044757998195088924,9
10,client_2,2,2,DOS,1,24,DHCP,0.0,37
10,client_2,2,2,DOS,1,25,ARP,3.652233130557357e-05,28
10,client_2,2,2,DOS,1,26,ICMP,0.0009782230784447172,24
10,client_2,2,2,DOS,1,27,IGMP,0.0,38
10,client_2,2,2,DOS,1,28,IPv,1.4354516541032329e-05,30
10,client_2,2,2,DOS,1,29,LLC,3.738954551657223e-05,27
10,client_2,2,2,DOS,1,30,Tot sum,0.5006174071923248,2
10,client_2,2,2,DOS,1,31,Min,0.003558253037421636,21
10,client_2,2,2,DOS,1,32,Max,0.04234431724714395,10
10,client_2,2,2,DOS,1,33,AVG,0.04176516894161188,11
10,client_2,2,2,DOS,1,34,Std,0.0748111704407084,6
10,client_2,2,2,DOS,1,35,Tot size,0.08335818835925396,5
10,client_2,2,2,DOS,1,36,IAT,0.012373119763913447,18
10,client_2,2,2,DOS,1,37,Number,0.0,39
10,client_2,2,2,DOS,1,38,Variance,0.8186578448623407,1
10,client_3,3,2,DOS,1,0,Header_Length,0.043003169463938756,11
10,client_3,3,2,DOS,1,1,Protocol Type,0.011436413852503168,19
10,client_3,3,2,DOS,1,2,Time_To_Live,0.015426543593852737,17
10,client_3,3,2,DOS,1,3,Rate,0.008094322618218592,22
10,client_3,3,2,DOS,1,4,fin_flag_number,0.0011149034852950062,24
10,client_3,3,2,DOS,1,5,syn_flag_number,0.12225275128016648,7
10,client_3,3,2,DOS,1,6,rst_flag_number,0.0007029054145664493,25
10,client_3,3,2,DOS,1,7,psh_flag_number,0.009717925412256431,20
10,client_3,3,2,DOS,1,8,ack_flag_number,0.05643981296769631,10
10,client_3,3,2,DOS,1,9,ece_flag_number,0.0,31
10,client_3,3,2,DOS,1,10,cwr_flag_number,0.0,32
10,client_3,3,2,DOS,1,11,ack_count,0.040110184415194705,12
10,client_3,3,2,DOS,1,12,syn_count,0.08771382963295066,8
10,client_3,3,2,DOS,1,13,fin_count,0.23940892833260152,4
10,client_3,3,2,DOS,1,14,rst_count,0.08219729393684945,9
10,client_3,3,2,DOS,1,15,HTTP,0.0006405556729299231,26
10,client_3,3,2,DOS,1,16,HTTPS,0.0023302021988571833,23
10,client_3,3,2,DOS,1,17,DNS,6.788171859424166e-06,29
10,client_3,3,2,DOS,1,18,Telnet,0.0,33
10,client_3,3,2,DOS,1,19,SMTP,0.0,34
10,client_3,3,2,DOS,1,20,SSH,0.0,35
10,client_3,3,2,DOS,1,21,IRC,0.0,36
10,client_3,3,2,DOS,1,22,TCP,0.022439141079130042,16
10,client_3,3,2,DOS,1,23,UDP,0.16749263119402194,5
10,client_3,3,2,DOS,1,24,DHCP,0.0,37
10,client_3,3,2,DOS,1,25,ARP,1.1410467539228159e-05,27
10,client_3,3,2,DOS,1,26,ICMP,0.02826123168359185,15
10,client_3,3,2,DOS,1,27,IGMP,0.0,38
10,client_3,3,2,DOS,1,28,IPv,4.005007988201989e-06,30
10,client_3,3,2,DOS,1,29,LLC,8.689410712996442e-06,28
10,client_3,3,2,DOS,1,30,Tot sum,0.7144613274331854,1
10,client_3,3,2,DOS,1,31,Min,0.013729711882015683,18
10,client_3,3,2,DOS,1,32,Max,0.03922685535981196,14
10,client_3,3,2,DOS,1,33,AVG,0.5368004107802566,2
10,client_3,3,2,DOS,1,34,Std,0.040020818364662404,13
10,client_3,3,2,DOS,1,35,Tot size,0.24044961706903298,3
10,client_3,3,2,DOS,1,36,IAT,0.008205277285316993,21
10,client_3,3,2,DOS,1,37,Number,0.0,39
10,client_3,3,2,DOS,1,38,Variance,0.13011432743486792,6
10,client_4,4,2,DOS,0,0,Header_Length,0.0,1
10,client_4,4,2,DOS,0,1,Protocol Type,0.0,2
10,client_4,4,2,DOS,0,2,Time_To_Live,0.0,3
10,client_4,4,2,DOS,0,3,Rate,0.0,4
10,client_4,4,2,DOS,0,4,fin_flag_number,0.0,5
10,client_4,4,2,DOS,0,5,syn_flag_number,0.0,6
10,client_4,4,2,DOS,0,6,rst_flag_number,0.0,7
10,client_4,4,2,DOS,0,7,psh_flag_number,0.0,8
10,client_4,4,2,DOS,0,8,ack_flag_number,0.0,9
10,client_4,4,2,DOS,0,9,ece_flag_number,0.0,10
10,client_4,4,2,DOS,0,10,cwr_flag_number,0.0,11
10,client_4,4,2,DOS,0,11,ack_count,0.0,12
10,client_4,4,2,DOS,0,12,syn_count,0.0,13
10,client_4,4,2,DOS,0,13,fin_count,0.0,14
10,client_4,4,2,DOS,0,14,rst_count,0.0,15
10,client_4,4,2,DOS,0,15,HTTP,0.0,16
10,client_4,4,2,DOS,0,16,HTTPS,0.0,17
10,client_4,4,2,DOS,0,17,DNS,0.0,18
10,client_4,4,2,DOS,0,18,Telnet,0.0,19
10,client_4,4,2,DOS,0,19,SMTP,0.0,20
10,client_4,4,2,DOS,0,20,SSH,0.0,21
10,client_4,4,2,DOS,0,21,IRC,0.0,22
10,client_4,4,2,DOS,0,22,TCP,0.0,23
10,client_4,4,2,DOS,0,23,UDP,0.0,24
10,client_4,4,2,DOS,0,24,DHCP,0.0,25
10,client_4,4,2,DOS,0,25,ARP,0.0,26
10,client_4,4,2,DOS,0,26,ICMP,0.0,27
10,client_4,4,2,DOS,0,27,IGMP,0.0,28
10,client_4,4,2,DOS,0,28,IPv,0.0,29
10,client_4,4,2,DOS,0,29,LLC,0.0,30
10,client_4,4,2,DOS,0,30,Tot sum,0.0,31
10,client_4,4,2,DOS,0,31,Min,0.0,32
10,client_4,4,2,DOS,0,32,Max,0.0,33
10,client_4,4,2,DOS,0,33,AVG,0.0,34
10,client_4,4,2,DOS,0,34,Std,0.0,35
10,client_4,4,2,DOS,0,35,Tot size,0.0,36
10,client_4,4,2,DOS,0,36,IAT,0.0,37
10,client_4,4,2,DOS,0,37,Number,0.0,38
10,client_4,4,2,DOS,0,38,Variance,0.0,39
10,client_5,5,2,DOS,0,0,Header_Length,0.0,1
10,client_5,5,2,DOS,0,1,Protocol Type,0.0,2
10,client_5,5,2,DOS,0,2,Time_To_Live,0.0,3
10,client_5,5,2,DOS,0,3,Rate,0.0,4
10,client_5,5,2,DOS,0,4,fin_flag_number,0.0,5
10,client_5,5,2,DOS,0,5,syn_flag_number,0.0,6
10,client_5,5,2,DOS,0,6,rst_flag_number,0.0,7
10,client_5,5,2,DOS,0,7,psh_flag_number,0.0,8
10,client_5,5,2,DOS,0,8,ack_flag_number,0.0,9
10,client_5,5,2,DOS,0,9,ece_flag_number,0.0,10
10,client_5,5,2,DOS,0,10,cwr_flag_number,0.0,11
10,client_5,5,2,DOS,0,11,ack_count,0.0,12
10,client_5,5,2,DOS,0,12,syn_count,0.0,13
10,client_5,5,2,DOS,0,13,fin_count,0.0,14
10,client_5,5,2,DOS,0,14,rst_count,0.0,15
10,client_5,5,2,DOS,0,15,HTTP,0.0,16
10,client_5,5,2,DOS,0,16,HTTPS,0.0,17
10,client_5,5,2,DOS,0,17,DNS,0.0,18
10,client_5,5,2,DOS,0,18,Telnet,0.0,19
10,client_5,5,2,DOS,0,19,SMTP,0.0,20
10,client_5,5,2,DOS,0,20,SSH,0.0,21
10,client_5,5,2,DOS,0,21,IRC,0.0,22
10,client_5,5,2,DOS,0,22,TCP,0.0,23
10,client_5,5,2,DOS,0,23,UDP,0.0,24
10,client_5,5,2,DOS,0,24,DHCP,0.0,25
10,client_5,5,2,DOS,0,25,ARP,0.0,26
10,client_5,5,2,DOS,0,26,ICMP,0.0,27
10,client_5,5,2,DOS,0,27,IGMP,0.0,28
10,client_5,5,2,DOS,0,28,IPv,0.0,29
10,client_5,5,2,DOS,0,29,LLC,0.0,30
10,client_5,5,2,DOS,0,30,Tot sum,0.0,31
10,client_5,5,2,DOS,0,31,Min,0.0,32
10,client_5,5,2,DOS,0,32,Max,0.0,33
10,client_5,5,2,DOS,0,33,AVG,0.0,34
10,client_5,5,2,DOS,0,34,Std,0.0,35
10,client_5,5,2,DOS,0,35,Tot size,0.0,36
10,client_5,5,2,DOS,0,36,IAT,0.0,37
10,client_5,5,2,DOS,0,37,Number,0.0,38
10,client_5,5,2,DOS,0,38,Variance,0.0,39
10,client_1,1,3,MIRAI,1,0,Header_Length,0.00013531475984552142,18
10,client_1,1,3,MIRAI,1,1,Protocol Type,3.934420748597637e-05,20
10,client_1,1,3,MIRAI,1,2,Time_To_Live,0.0003576411123284149,16
10,client_1,1,3,MIRAI,1,3,Rate,1.2472343967993057e-05,25
10,client_1,1,3,MIRAI,1,4,fin_flag_number,1.630742159719632e-05,23
10,client_1,1,3,MIRAI,1,5,syn_flag_number,0.0033767454873798878,9
10,client_1,1,3,MIRAI,1,6,rst_flag_number,1.6446822559091354e-05,22
10,client_1,1,3,MIRAI,1,7,psh_flag_number,1.4872026362355793e-05,24
10,client_1,1,3,MIRAI,1,8,ack_flag_number,0.0006782802699716139,15
10,client_1,1,3,MIRAI,1,9,ece_flag_number,0.0,33
10,client_1,1,3,MIRAI,1,10,cwr_flag_number,0.0,34
10,client_1,1,3,MIRAI,1,11,ack_count,0.000678786733580099,14
10,client_1,1,3,MIRAI,1,12,syn_count,0.0030597253259560427,10
10,client_1,1,3,MIRAI,1,13,fin_count,0.0010613608414045735,13
10,client_1,1,3,MIRAI,1,14,rst_count,0.0013614811261534767,12
10,client_1,1,3,MIRAI,1,15,HTTP,4.913337308216259e-06,26
10,client_1,1,3,MIRAI,1,16,HTTPS,4.2237856329734115e-07,27
10,client_1,1,3,MIRAI,1,17,DNS,6.372188797564705e-08,31
10,client_1,1,3,MIRAI,1,18,Telnet,0.0,35
10,client_1,1,3,MIRAI,1,19,SMTP,0.0,36
10,client_1,1,3,MIRAI,1,20,SSH,0.0,37
10,client_1,1,3,MIRAI,1,21,IRC,0.0,38
10,client_1,1,3,MIRAI,1,22,TCP,3.394194612263675e-05,21
10,client_1,1,3,MIRAI,1,23,UDP,0.004742220260476999,8
10,client_1,1,3,MIRAI,1,24,DHCP,4.976185380111901e-10,32
10,client_1,1,3,MIRAI,1,25,ARP,9.03092673157064e-08,30
10,client_1,1,3,MIRAI,1,26,ICMP,0.00012989240380552737,19
10,client_1,1,3,MIRAI,1,27,IGMP,0.0,39
10,client_1,1,3,MIRAI,1,28,IPv,1.502664463775639e-07,28
10,client_1,1,3,MIRAI,1,29,LLC,1.401041345468464e-07,29
10,client_1,1,3,MIRAI,1,30,Tot sum,0.7356795492128181,1
10,client_1,1,3,MIRAI,1,31,Min,0.011164670371837502,7
10,client_1,1,3,MIRAI,1,32,Max,0.03157985678149929,5
10,client_1,1,3,MIRAI,1,33,AVG,0.5471250243844757,2
10,client_1,1,3,MIRAI,1,34,Std,0.031215960504999505,6
10,client_1,1,3,MIRAI,1,35,Tot size,0.3788165369770125,3
10,client_1,1,3,MIRAI,1,36,IAT,0.0002916197530320893,17
10,client_1,1,3,MIRAI,1,37,Number,0.0014481947062876684,11
10,client_1,1,3,MIRAI,1,38,Variance,0.11739660776068081,4
10,client_2,2,3,MIRAI,0,0,Header_Length,0.0,1
10,client_2,2,3,MIRAI,0,1,Protocol Type,0.0,2
10,client_2,2,3,MIRAI,0,2,Time_To_Live,0.0,3
10,client_2,2,3,MIRAI,0,3,Rate,0.0,4
10,client_2,2,3,MIRAI,0,4,fin_flag_number,0.0,5
10,client_2,2,3,MIRAI,0,5,syn_flag_number,0.0,6
10,client_2,2,3,MIRAI,0,6,rst_flag_number,0.0,7
10,client_2,2,3,MIRAI,0,7,psh_flag_number,0.0,8
10,client_2,2,3,MIRAI,0,8,ack_flag_number,0.0,9
10,client_2,2,3,MIRAI,0,9,ece_flag_number,0.0,10
10,client_2,2,3,MIRAI,0,10,cwr_flag_number,0.0,11
10,client_2,2,3,MIRAI,0,11,ack_count,0.0,12
10,client_2,2,3,MIRAI,0,12,syn_count,0.0,13
10,client_2,2,3,MIRAI,0,13,fin_count,0.0,14
10,client_2,2,3,MIRAI,0,14,rst_count,0.0,15
10,client_2,2,3,MIRAI,0,15,HTTP,0.0,16
10,client_2,2,3,MIRAI,0,16,HTTPS,0.0,17
10,client_2,2,3,MIRAI,0,17,DNS,0.0,18
10,client_2,2,3,MIRAI,0,18,Telnet,0.0,19
10,client_2,2,3,MIRAI,0,19,SMTP,0.0,20
10,client_2,2,3,MIRAI,0,20,SSH,0.0,21
10,client_2,2,3,MIRAI,0,21,IRC,0.0,22
10,client_2,2,3,MIRAI,0,22,TCP,0.0,23
10,client_2,2,3,MIRAI,0,23,UDP,0.0,24
10,client_2,2,3,MIRAI,0,24,DHCP,0.0,25
10,client_2,2,3,MIRAI,0,25,ARP,0.0,26
10,client_2,2,3,MIRAI,0,26,ICMP,0.0,27
10,client_2,2,3,MIRAI,0,27,IGMP,0.0,28
10,client_2,2,3,MIRAI,0,28,IPv,0.0,29
10,client_2,2,3,MIRAI,0,29,LLC,0.0,30
10,client_2,2,3,MIRAI,0,30,Tot sum,0.0,31
10,client_2,2,3,MIRAI,0,31,Min,0.0,32
10,client_2,2,3,MIRAI,0,32,Max,0.0,33
10,client_2,2,3,MIRAI,0,33,AVG,0.0,34
10,client_2,2,3,MIRAI,0,34,Std,0.0,35
10,client_2,2,3,MIRAI,0,35,Tot size,0.0,36
10,client_2,2,3,MIRAI,0,36,IAT,0.0,37
10,client_2,2,3,MIRAI,0,37,Number,0.0,38
10,client_2,2,3,MIRAI,0,38,Variance,0.0,39
10,client_3,3,3,MIRAI,1,0,Header_Length,0.0001254349010189603,16
10,client_3,3,3,MIRAI,1,1,Protocol Type,7.818845023073749e-05,18
10,client_3,3,3,MIRAI,1,2,Time_To_Live,8.22928240095282e-05,17
10,client_3,3,3,MIRAI,1,3,Rate,3.6086661849121196e-05,22
10,client_3,3,3,MIRAI,1,4,fin_flag_number,1.96798526908335e-05,24
10,client_3,3,3,MIRAI,1,5,syn_flag_number,0.0033347485361991417,9
10,client_3,3,3,MIRAI,1,6,rst_flag_number,1.762292176910073e-05,25
10,client_3,3,3,MIRAI,1,7,psh_flag_number,4.232295992861675e-05,21
10,client_3,3,3,MIRAI,1,8,ack_flag_number,0.0007865092549076732,14
10,client_3,3,3,MIRAI,1,9,ece_flag_number,0.0,33
10,client_3,3,3,MIRAI,1,10,cwr_flag_number,0.0,34
10,client_3,3,3,MIRAI,1,11,ack_count,0.0026861705724385023,11
10,client_3,3,3,MIRAI,1,12,syn_count,0.0031110399096232395,10
10,client_3,3,3,MIRAI,1,13,fin_count,0.0017264038861235322,13
10,client_3,3,3,MIRAI,1,14,rst_count,0.0017677287336858808,12
10,client_3,3,3,MIRAI,1,15,HTTP,3.548009004879623e-08,31
10,client_3,3,3,MIRAI,1,16,HTTPS,1.0475037479067601e-07,30
10,client_3,3,3,MIRAI,1,17,DNS,1.369534491509261e-07,28
10,client_3,3,3,MIRAI,1,18,Telnet,0.0,35
10,client_3,3,3,MIRAI,1,19,SMTP,0.0,36
10,client_3,3,3,MIRAI,1,20,SSH,0.0,37
10,client_3,3,3,MIRAI,1,21,IRC,0.0,38
10,client_3,3,3,MIRAI,1,22,TCP,5.5314918664715526e-05,20
10,client_3,3,3,MIRAI,1,23,UDP,0.0043742266417852345,8
10,client_3,3,3,MIRAI,1,24,DHCP,1.120872102724032e-08,32
10,client_3,3,3,MIRAI,1,25,ARP,1.2666568342608544e-07,29
10,client_3,3,3,MIRAI,1,26,ICMP,7.627596955381394e-05,19
10,client_3,3,3,MIRAI,1,27,IGMP,0.0,39
10,client_3,3,3,MIRAI,1,28,IPv,2.0255228939514014e-07,26
10,client_3,3,3,MIRAI,1,29,LLC,1.5695030081394312e-07,27
10,client_3,3,3,MIRAI,1,30,Tot sum,0.6868440822942731,1
10,client_3,3,3,MIRAI,1,31,Min,0.015707752044224678,7
10,client_3,3,3,MIRAI,1,32,Max,0.03654268980356284,6
10,client_3,3,3,MIRAI,1,33,AVG,0.5932145375858482,2
10,client_3,3,3,MIRAI,1,34,Std,0.03681363545586914,5
10,client_3,3,3,MIRAI,1,35,Tot size,0.40158661544605373,3
10,client_3,3,3,MIRAI,1,36,IAT,0.00015231725984131831,15
10,client_3,3,3,MIRAI,1,37,Number,2.0458232195385304e-05,23
10,client_3,3,3,MIRAI,1,38,Variance,0.10990280511836867,4
10,client_4,4,3,MIRAI,0,0,Header_Length,0.0,1
10,client_4,4,3,MIRAI,0,1,Protocol Type,0.0,2
10,client_4,4,3,MIRAI,0,2,Time_To_Live,0.0,3
10,client_4,4,3,MIRAI,0,3,Rate,0.0,4
10,client_4,4,3,MIRAI,0,4,fin_flag_number,0.0,5
10,client_4,4,3,MIRAI,0,5,syn_flag_number,0.0,6
10,client_4,4,3,MIRAI,0,6,rst_flag_number,0.0,7
10,client_4,4,3,MIRAI,0,7,psh_flag_number,0.0,8
10,client_4,4,3,MIRAI,0,8,ack_flag_number,0.0,9
10,client_4,4,3,MIRAI,0,9,ece_flag_number,0.0,10
10,client_4,4,3,MIRAI,0,10,cwr_flag_number,0.0,11
10,client_4,4,3,MIRAI,0,11,ack_count,0.0,12
10,client_4,4,3,MIRAI,0,12,syn_count,0.0,13
10,client_4,4,3,MIRAI,0,13,fin_count,0.0,14
10,client_4,4,3,MIRAI,0,14,rst_count,0.0,15
10,client_4,4,3,MIRAI,0,15,HTTP,0.0,16
10,client_4,4,3,MIRAI,0,16,HTTPS,0.0,17
10,client_4,4,3,MIRAI,0,17,DNS,0.0,18
10,client_4,4,3,MIRAI,0,18,Telnet,0.0,19
10,client_4,4,3,MIRAI,0,19,SMTP,0.0,20
10,client_4,4,3,MIRAI,0,20,SSH,0.0,21
10,client_4,4,3,MIRAI,0,21,IRC,0.0,22
10,client_4,4,3,MIRAI,0,22,TCP,0.0,23
10,client_4,4,3,MIRAI,0,23,UDP,0.0,24
10,client_4,4,3,MIRAI,0,24,DHCP,0.0,25
10,client_4,4,3,MIRAI,0,25,ARP,0.0,26
10,client_4,4,3,MIRAI,0,26,ICMP,0.0,27
10,client_4,4,3,MIRAI,0,27,IGMP,0.0,28
10,client_4,4,3,MIRAI,0,28,IPv,0.0,29
10,client_4,4,3,MIRAI,0,29,LLC,0.0,30
10,client_4,4,3,MIRAI,0,30,Tot sum,0.0,31
10,client_4,4,3,MIRAI,0,31,Min,0.0,32
10,client_4,4,3,MIRAI,0,32,Max,0.0,33
10,client_4,4,3,MIRAI,0,33,AVG,0.0,34
10,client_4,4,3,MIRAI,0,34,Std,0.0,35
10,client_4,4,3,MIRAI,0,35,Tot size,0.0,36
10,client_4,4,3,MIRAI,0,36,IAT,0.0,37
10,client_4,4,3,MIRAI,0,37,Number,0.0,38
10,client_4,4,3,MIRAI,0,38,Variance,0.0,39
10,client_5,5,3,MIRAI,0,0,Header_Length,0.0,1
10,client_5,5,3,MIRAI,0,1,Protocol Type,0.0,2
10,client_5,5,3,MIRAI,0,2,Time_To_Live,0.0,3
10,client_5,5,3,MIRAI,0,3,Rate,0.0,4
10,client_5,5,3,MIRAI,0,4,fin_flag_number,0.0,5
10,client_5,5,3,MIRAI,0,5,syn_flag_number,0.0,6
10,client_5,5,3,MIRAI,0,6,rst_flag_number,0.0,7
10,client_5,5,3,MIRAI,0,7,psh_flag_number,0.0,8
10,client_5,5,3,MIRAI,0,8,ack_flag_number,0.0,9
10,client_5,5,3,MIRAI,0,9,ece_flag_number,0.0,10
10,client_5,5,3,MIRAI,0,10,cwr_flag_number,0.0,11
10,client_5,5,3,MIRAI,0,11,ack_count,0.0,12
10,client_5,5,3,MIRAI,0,12,syn_count,0.0,13
10,client_5,5,3,MIRAI,0,13,fin_count,0.0,14
10,client_5,5,3,MIRAI,0,14,rst_count,0.0,15
10,client_5,5,3,MIRAI,0,15,HTTP,0.0,16
10,client_5,5,3,MIRAI,0,16,HTTPS,0.0,17
10,client_5,5,3,MIRAI,0,17,DNS,0.0,18
10,client_5,5,3,MIRAI,0,18,Telnet,0.0,19
10,client_5,5,3,MIRAI,0,19,SMTP,0.0,20
10,client_5,5,3,MIRAI,0,20,SSH,0.0,21
10,client_5,5,3,MIRAI,0,21,IRC,0.0,22
10,client_5,5,3,MIRAI,0,22,TCP,0.0,23
10,client_5,5,3,MIRAI,0,23,UDP,0.0,24
10,client_5,5,3,MIRAI,0,24,DHCP,0.0,25
10,client_5,5,3,MIRAI,0,25,ARP,0.0,26
10,client_5,5,3,MIRAI,0,26,ICMP,0.0,27
10,client_5,5,3,MIRAI,0,27,IGMP,0.0,28
10,client_5,5,3,MIRAI,0,28,IPv,0.0,29
10,client_5,5,3,MIRAI,0,29,LLC,0.0,30
10,client_5,5,3,MIRAI,0,30,Tot sum,0.0,31
10,client_5,5,3,MIRAI,0,31,Min,0.0,32
10,client_5,5,3,MIRAI,0,32,Max,0.0,33
10,client_5,5,3,MIRAI,0,33,AVG,0.0,34
10,client_5,5,3,MIRAI,0,34,Std,0.0,35
10,client_5,5,3,MIRAI,0,35,Tot size,0.0,36
10,client_5,5,3,MIRAI,0,36,IAT,0.0,37
10,client_5,5,3,MIRAI,0,37,Number,0.0,38
10,client_5,5,3,MIRAI,0,38,Variance,0.0,39
10,client_1,1,4,RECON,1,0,Header_Length,0.0008509046036820534,18
10,client_1,1,4,RECON,1,1,Protocol Type,5.684011627815011e-05,25
10,client_1,1,4,RECON,1,2,Time_To_Live,0.023116498346297518,10
10,client_1,1,4,RECON,1,3,Rate,0.00024121674773921404,19
10,client_1,1,4,RECON,1,4,fin_flag_number,6.240207811408516e-05,24
10,client_1,1,4,RECON,1,5,syn_flag_number,0.055715432517455935,7
10,client_1,1,4,RECON,1,6,rst_flag_number,0.00012754513410303715,21
10,client_1,1,4,RECON,1,7,psh_flag_number,0.0001554830182907662,20
10,client_1,1,4,RECON,1,8,ack_flag_number,0.02094554786043088,12
10,client_1,1,4,RECON,1,9,ece_flag_number,0.0,34
10,client_1,1,4,RECON,1,10,cwr_flag_number,0.0,35
10,client_1,1,4,RECON,1,11,ack_count,0.001943721868611186,16
10,client_1,1,4,RECON,1,12,syn_count,0.022598609302470447,11
10,client_1,1,4,RECON,1,13,fin_count,0.005360526598336689,14
10,client_1,1,4,RECON,1,14,rst_count,0.004282072821647557,15
10,client_1,1,4,RECON,1,15,HTTP,4.602541388581207e-05,26
10,client_1,1,4,RECON,1,16,HTTPS,3.506838114586009e-05,27
10,client_1,1,4,RECON,1,17,DNS,5.10236451682718e-06,30
10,client_1,1,4,RECON,1,18,Telnet,0.0,36
10,client_1,1,4,RECON,1,19,SMTP,0.0,37
10,client_1,1,4,RECON,1,20,SSH,1.0493504217715124e-05,29
10,client_1,1,4,RECON,1,21,IRC,0.0,38
10,client_1,1,4,RECON,1,22,TCP,9.01835709026124e-05,22
10,client_1,1,4,RECON,1,23,UDP,0.006047795514591728,13
10,client_1,1,4,RECON,1,24,DHCP,8.720922195378735e-07,33
10,client_1,1,4,RECON,1,25,ARP,4.154795179376848e-06,32
10,client_1,1,4,RECON,1,26,ICMP,6.660025360396345e-05,23
10,client_1,1,4,RECON,1,27,IGMP,0.0,39
10,client_1,1,4,RECON,1,28,IPv,4.314113394779176e-06,31
10,client_1,1,4,RECON,1,29,LLC,1.8927646778066783e-05,28
10,client_1,1,4,RECON,1,30,Tot sum,0.5588941262113357,2
10,client_1,1,4,RECON,1,31,Min,0.0013435767762598212,17
10,client_1,1,4,RECON,1,32,Max,0.0248464403963838,9
10,client_1,1,4,RECON,1,33,AVG,0.10994381977282087,5
10,client_1,1,4,RECON,1,34,Std,0.11356770195110502,4
10,client_1,1,4,RECON,1,35,Tot size,0.09667976675431962,6
10,client_1,1,4,RECON,1,36,IAT,0.6379705803725861,1
10,client_1,1,4,RECON,1,37,Number,0.0505478750690226,8
10,client_1,1,4,RECON,1,38,Variance,0.4883115250619937,3
10,client_2,2,4,RECON,0,0,Header_Length,0.0,1
10,client_2,2,4,RECON,0,1,Protocol Type,0.0,2
10,client_2,2,4,RECON,0,2,Time_To_Live,0.0,3
10,client_2,2,4,RECON,0,3,Rate,0.0,4
10,client_2,2,4,RECON,0,4,fin_flag_number,0.0,5
10,client_2,2,4,RECON,0,5,syn_flag_number,0.0,6
10,client_2,2,4,RECON,0,6,rst_flag_number,0.0,7
10,client_2,2,4,RECON,0,7,psh_flag_number,0.0,8
10,client_2,2,4,RECON,0,8,ack_flag_number,0.0,9
10,client_2,2,4,RECON,0,9,ece_flag_number,0.0,10
10,client_2,2,4,RECON,0,10,cwr_flag_number,0.0,11
10,client_2,2,4,RECON,0,11,ack_count,0.0,12
10,client_2,2,4,RECON,0,12,syn_count,0.0,13
10,client_2,2,4,RECON,0,13,fin_count,0.0,14
10,client_2,2,4,RECON,0,14,rst_count,0.0,15
10,client_2,2,4,RECON,0,15,HTTP,0.0,16
10,client_2,2,4,RECON,0,16,HTTPS,0.0,17
10,client_2,2,4,RECON,0,17,DNS,0.0,18
10,client_2,2,4,RECON,0,18,Telnet,0.0,19
10,client_2,2,4,RECON,0,19,SMTP,0.0,20
10,client_2,2,4,RECON,0,20,SSH,0.0,21
10,client_2,2,4,RECON,0,21,IRC,0.0,22
10,client_2,2,4,RECON,0,22,TCP,0.0,23
10,client_2,2,4,RECON,0,23,UDP,0.0,24
10,client_2,2,4,RECON,0,24,DHCP,0.0,25
10,client_2,2,4,RECON,0,25,ARP,0.0,26
10,client_2,2,4,RECON,0,26,ICMP,0.0,27
10,client_2,2,4,RECON,0,27,IGMP,0.0,28
10,client_2,2,4,RECON,0,28,IPv,0.0,29
10,client_2,2,4,RECON,0,29,LLC,0.0,30
10,client_2,2,4,RECON,0,30,Tot sum,0.0,31
10,client_2,2,4,RECON,0,31,Min,0.0,32
10,client_2,2,4,RECON,0,32,Max,0.0,33
10,client_2,2,4,RECON,0,33,AVG,0.0,34
10,client_2,2,4,RECON,0,34,Std,0.0,35
10,client_2,2,4,RECON,0,35,Tot size,0.0,36
10,client_2,2,4,RECON,0,36,IAT,0.0,37
10,client_2,2,4,RECON,0,37,Number,0.0,38
10,client_2,2,4,RECON,0,38,Variance,0.0,39
10,client_3,3,4,RECON,0,0,Header_Length,0.0,1
10,client_3,3,4,RECON,0,1,Protocol Type,0.0,2
10,client_3,3,4,RECON,0,2,Time_To_Live,0.0,3
10,client_3,3,4,RECON,0,3,Rate,0.0,4
10,client_3,3,4,RECON,0,4,fin_flag_number,0.0,5
10,client_3,3,4,RECON,0,5,syn_flag_number,0.0,6
10,client_3,3,4,RECON,0,6,rst_flag_number,0.0,7
10,client_3,3,4,RECON,0,7,psh_flag_number,0.0,8
10,client_3,3,4,RECON,0,8,ack_flag_number,0.0,9
10,client_3,3,4,RECON,0,9,ece_flag_number,0.0,10
10,client_3,3,4,RECON,0,10,cwr_flag_number,0.0,11
10,client_3,3,4,RECON,0,11,ack_count,0.0,12
10,client_3,3,4,RECON,0,12,syn_count,0.0,13
10,client_3,3,4,RECON,0,13,fin_count,0.0,14
10,client_3,3,4,RECON,0,14,rst_count,0.0,15
10,client_3,3,4,RECON,0,15,HTTP,0.0,16
10,client_3,3,4,RECON,0,16,HTTPS,0.0,17
10,client_3,3,4,RECON,0,17,DNS,0.0,18
10,client_3,3,4,RECON,0,18,Telnet,0.0,19
10,client_3,3,4,RECON,0,19,SMTP,0.0,20
10,client_3,3,4,RECON,0,20,SSH,0.0,21
10,client_3,3,4,RECON,0,21,IRC,0.0,22
10,client_3,3,4,RECON,0,22,TCP,0.0,23
10,client_3,3,4,RECON,0,23,UDP,0.0,24
10,client_3,3,4,RECON,0,24,DHCP,0.0,25
10,client_3,3,4,RECON,0,25,ARP,0.0,26
10,client_3,3,4,RECON,0,26,ICMP,0.0,27
10,client_3,3,4,RECON,0,27,IGMP,0.0,28
10,client_3,3,4,RECON,0,28,IPv,0.0,29
10,client_3,3,4,RECON,0,29,LLC,0.0,30
10,client_3,3,4,RECON,0,30,Tot sum,0.0,31
10,client_3,3,4,RECON,0,31,Min,0.0,32
10,client_3,3,4,RECON,0,32,Max,0.0,33
10,client_3,3,4,RECON,0,33,AVG,0.0,34
10,client_3,3,4,RECON,0,34,Std,0.0,35
10,client_3,3,4,RECON,0,35,Tot size,0.0,36
10,client_3,3,4,RECON,0,36,IAT,0.0,37
10,client_3,3,4,RECON,0,37,Number,0.0,38
10,client_3,3,4,RECON,0,38,Variance,0.0,39
10,client_4,4,4,RECON,1,0,Header_Length,0.0009446484326403876,18
10,client_4,4,4,RECON,1,1,Protocol Type,8.398505603102759e-05,26
10,client_4,4,4,RECON,1,2,Time_To_Live,0.031095248027357154,10
10,client_4,4,4,RECON,1,3,Rate,0.000473650395966316,19
10,client_4,4,4,RECON,1,4,fin_flag_number,9.349096651830133e-05,25
10,client_4,4,4,RECON,1,5,syn_flag_number,0.01664990948511086,11
10,client_4,4,4,RECON,1,6,rst_flag_number,0.00010820790004412385,24
10,client_4,4,4,RECON,1,7,psh_flag_number,0.000155828298701262,23
10,client_4,4,4,RECON,1,8,ack_flag_number,0.04386420814132273,9
10,client_4,4,4,RECON,1,9,ece_flag_number,0.0,33
10,client_4,4,4,RECON,1,10,cwr_flag_number,0.0,34
10,client_4,4,4,RECON,1,11,ack_count,0.008563064655491295,15
10,client_4,4,4,RECON,1,12,syn_count,0.015310470550765622,12
10,client_4,4,4,RECON,1,13,fin_count,0.011437380874627751,14
10,client_4,4,4,RECON,1,14,rst_count,0.004196337964880926,16
10,client_4,4,4,RECON,1,15,HTTP,0.00017953492437759188,22
10,client_4,4,4,RECON,1,16,HTTPS,3.400323990777228e-05,27
10,client_4,4,4,RECON,1,17,DNS,1.4757159990882458e-05,29
10,client_4,4,4,RECON,1,18,Telnet,0.0,35
10,client_4,4,4,RECON,1,19,SMTP,0.0,36
10,client_4,4,4,RECON,1,20,SSH,0.0,37
10,client_4,4,4,RECON,1,21,IRC,0.0,38
10,client_4,4,4,RECON,1,22,TCP,0.0003031871140707713,21
10,client_4,4,4,RECON,1,23,UDP,0.013490148831922667,13
10,client_4,4,4,RECON,1,24,DHCP,0.0,39
10,client_4,4,4,RECON,1,25,ARP,2.5792782334872286e-05,28
10,client_4,4,4,RECON,1,26,ICMP,0.0004633839051413681,20
10,client_4,4,4,RECON,1,27,IGMP,5.596818038728046e-08,32
10,client_4,4,4,RECON,1,28,IPv,8.80490899029566e-06,31
10,client_4,4,4,RECON,1,29,LLC,9.078277276345822e-06,30
10,client_4,4,4,RECON,1,30,Tot sum,0.7321729514682244,1
10,client_4,4,4,RECON,1,31,Min,0.0010510566529594143,17
10,client_4,4,4,RECON,1,32,Max,0.05266129133964397,8
10,client_4,4,4,RECON,1,33,AVG,0.25700251602320595,3
10,client_4,4,4,RECON,1,34,Std,0.21620268478996982,4
10,client_4,4,4,RECON,1,35,Tot size,0.19907474893908478,5
10,client_4,4,4,RECON,1,36,IAT,0.08863095590272017,6
10,client_4,4,4,RECON,1,37,Number,0.07062458312110183,7
10,client_4,4,4,RECON,1,38,Variance,0.5404374792834291,2
10,client_5,5,4,RECON,1,0,Header_Length,0.0018667603727012781,18
10,client_5,5,4,RECON,1,1,Protocol Type,0.0002855017443510717,22
10,client_5,5,4,RECON,1,2,Time_To_Live,0.02474815976592051,13
10,client_5,5,4,RECON,1,3,Rate,0.0012340331927332459,19
10,client_5,5,4,RECON,1,4,fin_flag_number,0.00015133719827006373,24
10,client_5,5,4,RECON,1,5,syn_flag_number,0.032243083988540394,10
10,client_5,5,4,RECON,1,6,rst_flag_number,6.941185150284842e-05,25
10,client_5,5,4,RECON,1,7,psh_flag_number,0.0001808641709058593,23
10,client_5,5,4,RECON,1,8,ack_flag_number,0.0473440571860037,8
10,client_5,5,4,RECON,1,9,ece_flag_number,0.0,33
10,client_5,5,4,RECON,1,10,cwr_flag_number,0.0,34
10,client_5,5,4,RECON,1,11,ack_count,0.017283215106735424,15
10,client_5,5,4,RECON,1,12,syn_count,0.026968529486502288,12
10,client_5,5,4,RECON,1,13,fin_count,0.019478424560783046,14
10,client_5,5,4,RECON,1,14,rst_count,0.009658558926118525,16
10,client_5,5,4,RECON,1,15,HTTP,2.9806550718000773e-05,27
10,client_5,5,4,RECON,1,16,HTTPS,5.002640950318952e-05,26
10,client_5,5,4,RECON,1,17,DNS,1.3848996265845763e-05,28
10,client_5,5,4,RECON,1,18,Telnet,0.0,35
10,client_5,5,4,RECON,1,19,SMTP,0.0,36
10,client_5,5,4,RECON,1,20,SSH,0.0,37
10,client_5,5,4,RECON,1,21,IRC,0.0,38
10,client_5,5,4,RECON,1,22,TCP,0.0008398146765401279,20
10,client_5,5,4,RECON,1,23,UDP,0.030080983439456203,11
10,client_5,5,4,RECON,1,24,DHCP,4.1412711523135867e-07,32
10,client_5,5,4,RECON,1,25,ARP,8.03157972892376e-06,30
10,client_5,5,4,RECON,1,26,ICMP,0.0007313048534221332,21
10,client_5,5,4,RECON,1,27,IGMP,0.0,39
10,client_5,5,4,RECON,1,28,IPv,8.97121933987599e-06,29
10,client_5,5,4,RECON,1,29,LLC,3.613133128227143e-06,31
10,client_5,5,4,RECON,1,30,Tot sum,0.7843825376876951,1
10,client_5,5,4,RECON,1,31,Min,0.0020371288703173946,17
10,client_5,5,4,RECON,1,32,Max,0.0426994920218913,9
10,client_5,5,4,RECON,1,33,AVG,0.16872145568509164,5
10,client_5,5,4,RECON,1,34,Std,0.17829297294098012,4
10,client_5,5,4,RECON,1,35,Tot size,0.1540993656221625,6
10,client_5,5,4,RECON,1,36,IAT,0.18811505062822736,3
10,client_5,5,4,RECON,1,37,Number,0.06567862015145258,7
10,client_5,5,4,RECON,1,38,Variance,0.5029018212830336,2
10,client_1,1,5,SPOOFING,1,0,Header_Length,0.0011080823312783331,19
10,client_1,1,5,SPOOFING,1,1,Protocol Type,3.60966907645273e-05,25
10,client_1,1,5,SPOOFING,1,2,Time_To_Live,0.07138253455801838,6
10,client_1,1,5,SPOOFING,1,3,Rate,0.0019870103983031665,18
10,client_1,1,5,SPOOFING,1,4,fin_flag_number,9.415401743724478e-05,23
10,client_1,1,5,SPOOFING,1,5,syn_flag_number,0.00889028432601909,12
10,client_1,1,5,SPOOFING,1,6,rst_flag_number,1.1446559266822772e-05,26
10,client_1,1,5,SPOOFING,1,7,psh_flag_number,8.892904927227559e-05,24
10,client_1,1,5,SPOOFING,1,8,ack_flag_number,0.03799029615398723,9
10,client_1,1,5,SPOOFING,1,9,ece_flag_number,0.0,33
10,client_1,1,5,SPOOFING,1,10,cwr_flag_number,0.0,34
10,client_1,1,5,SPOOFING,1,11,ack_count,0.00381507826954573,17
10,client_1,1,5,SPOOFING,1,12,syn_count,0.008190584457086503,14
10,client_1,1,5,SPOOFING,1,13,fin_count,0.008711639802502346,13
10,client_1,1,5,SPOOFING,1,14,rst_count,0.0040167537025584225,16
10,client_1,1,5,SPOOFING,1,15,HTTP,9.637067110218063e-06,27
10,client_1,1,5,SPOOFING,1,16,HTTPS,0.000118166666399872,22
10,client_1,1,5,SPOOFING,1,17,DNS,1.003979587318112e-06,31
10,client_1,1,5,SPOOFING,1,18,Telnet,0.0,35
10,client_1,1,5,SPOOFING,1,19,SMTP,0.0,36
10,client_1,1,5,SPOOFING,1,20,SSH,0.0,37
10,client_1,1,5,SPOOFING,1,21,IRC,0.0,38
10,client_1,1,5,SPOOFING,1,22,TCP,0.0001689377161190968,20
10,client_1,1,5,SPOOFING,1,23,UDP,0.006124081303653579,15
10,client_1,1,5,SPOOFING,1,24,DHCP,1.7724534211769729e-07,32
10,client_1,1,5,SPOOFING,1,25,ARP,7.675837666511806e-06,29
10,client_1,1,5,SPOOFING,1,26,ICMP,0.0001375412446356857,21
10,client_1,1,5,SPOOFING,1,27,IGMP,0.0,39
10,client_1,1,5,SPOOFING,1,28,IPv,2.341377725976193e-06,30
10,client_1,1,5,SPOOFING,1,29,LLC,9.006498718691747e-06,28
10,client_1,1,5,SPOOFING,1,30,Tot sum,0.3890139453978684,4
10,client_1,1,5,SPOOFING,1,31,Min,0.023569096341649783,11
10,client_1,1,5,SPOOFING,1,32,Max,0.03536819827966633,10
10,client_1,1,5,SPOOFING,1,33,AVG,0.4248886086683292,3
10,client_1,1,5,SPOOFING,1,34,Std,0.13623893361541833,5
10,client_1,1,5,SPOOFING,1,35,Tot size,0.6066621317091899,1
10,client_1,1,5,SPOOFING,1,36,IAT,0.039088823768447786,7
10,client_1,1,5,SPOOFING,1,37,Number,0.03812169758486095,8
10,client_1,1,5,SPOOFING,1,38,Variance,0.5195344319072912,2
10,client_2,2,5,SPOOFING,0,0,Header_Length,0.0,1
10,client_2,2,5,SPOOFING,0,1,Protocol Type,0.0,2
10,client_2,2,5,SPOOFING,0,2,Time_To_Live,0.0,3
10,client_2,2,5,SPOOFING,0,3,Rate,0.0,4
10,client_2,2,5,SPOOFING,0,4,fin_flag_number,0.0,5
10,client_2,2,5,SPOOFING,0,5,syn_flag_number,0.0,6
10,client_2,2,5,SPOOFING,0,6,rst_flag_number,0.0,7
10,client_2,2,5,SPOOFING,0,7,psh_flag_number,0.0,8
10,client_2,2,5,SPOOFING,0,8,ack_flag_number,0.0,9
10,client_2,2,5,SPOOFING,0,9,ece_flag_number,0.0,10
10,client_2,2,5,SPOOFING,0,10,cwr_flag_number,0.0,11
10,client_2,2,5,SPOOFING,0,11,ack_count,0.0,12
10,client_2,2,5,SPOOFING,0,12,syn_count,0.0,13
10,client_2,2,5,SPOOFING,0,13,fin_count,0.0,14
10,client_2,2,5,SPOOFING,0,14,rst_count,0.0,15
10,client_2,2,5,SPOOFING,0,15,HTTP,0.0,16
10,client_2,2,5,SPOOFING,0,16,HTTPS,0.0,17
10,client_2,2,5,SPOOFING,0,17,DNS,0.0,18
10,client_2,2,5,SPOOFING,0,18,Telnet,0.0,19
10,client_2,2,5,SPOOFING,0,19,SMTP,0.0,20
10,client_2,2,5,SPOOFING,0,20,SSH,0.0,21
10,client_2,2,5,SPOOFING,0,21,IRC,0.0,22
10,client_2,2,5,SPOOFING,0,22,TCP,0.0,23
10,client_2,2,5,SPOOFING,0,23,UDP,0.0,24
10,client_2,2,5,SPOOFING,0,24,DHCP,0.0,25
10,client_2,2,5,SPOOFING,0,25,ARP,0.0,26
10,client_2,2,5,SPOOFING,0,26,ICMP,0.0,27
10,client_2,2,5,SPOOFING,0,27,IGMP,0.0,28
10,client_2,2,5,SPOOFING,0,28,IPv,0.0,29
10,client_2,2,5,SPOOFING,0,29,LLC,0.0,30
10,client_2,2,5,SPOOFING,0,30,Tot sum,0.0,31
10,client_2,2,5,SPOOFING,0,31,Min,0.0,32
10,client_2,2,5,SPOOFING,0,32,Max,0.0,33
10,client_2,2,5,SPOOFING,0,33,AVG,0.0,34
10,client_2,2,5,SPOOFING,0,34,Std,0.0,35
10,client_2,2,5,SPOOFING,0,35,Tot size,0.0,36
10,client_2,2,5,SPOOFING,0,36,IAT,0.0,37
10,client_2,2,5,SPOOFING,0,37,Number,0.0,38
10,client_2,2,5,SPOOFING,0,38,Variance,0.0,39
10,client_3,3,5,SPOOFING,1,0,Header_Length,0.0003480238619643007,19
10,client_3,3,5,SPOOFING,1,1,Protocol Type,0.00010555503300726588,22
10,client_3,3,5,SPOOFING,1,2,Time_To_Live,0.038778681047154456,7
10,client_3,3,5,SPOOFING,1,3,Rate,0.0006379030067429753,18
10,client_3,3,5,SPOOFING,1,4,fin_flag_number,6.991862029559686e-05,24
10,client_3,3,5,SPOOFING,1,5,syn_flag_number,0.00847261969431144,13
10,client_3,3,5,SPOOFING,1,6,rst_flag_number,3.3763203354401354e-05,26
10,client_3,3,5,SPOOFING,1,7,psh_flag_number,0.00015286895418516056,20
10,client_3,3,5,SPOOFING,1,8,ack_flag_number,0.015170067353421923,10
10,client_3,3,5,SPOOFING,1,9,ece_flag_number,0.0,32
10,client_3,3,5,SPOOFING,1,10,cwr_flag_number,0.0,33
10,client_3,3,5,SPOOFING,1,11,ack_count,0.002987697168094481,17
10,client_3,3,5,SPOOFING,1,12,syn_count,0.008951071655741858,12
10,client_3,3,5,SPOOFING,1,13,fin_count,0.008228146585118766,14
10,client_3,3,5,SPOOFING,1,14,rst_count,0.005938187518538569,15
10,client_3,3,5,SPOOFING,1,15,HTTP,1.687724360312279e-06,29
10,client_3,3,5,SPOOFING,1,16,HTTPS,4.2625921701570175e-05,25
10,client_3,3,5,SPOOFING,1,17,DNS,3.6930528820101286e-06,28
10,client_3,3,5,SPOOFING,1,18,Telnet,0.0,34
10,client_3,3,5,SPOOFING,1,19,SMTP,0.0,35
10,client_3,3,5,SPOOFING,1,20,SSH,0.0,36
10,client_3,3,5,SPOOFING,1,21,IRC,0.0,37
10,client_3,3,5,SPOOFING,1,22,TCP,9.684675320697799e-05,23
10,client_3,3,5,SPOOFING,1,23,UDP,0.005055738402384681,16
10,client_3,3,5,SPOOFING,1,24,DHCP,0.0,38
10,client_3,3,5,SPOOFING,1,25,ARP,1.4562046955814243e-06,30
10,client_3,3,5,SPOOFING,1,26,ICMP,0.00014087172805461254,21
10,client_3,3,5,SPOOFING,1,27,IGMP,0.0,39
10,client_3,3,5,SPOOFING,1,28,IPv,8.762686401508749e-07,31
10,client_3,3,5,SPOOFING,1,29,LLC,7.382326874564407e-06,27
10,client_3,3,5,SPOOFING,1,30,Tot sum,0.777095161040957,1
10,client_3,3,5,SPOOFING,1,31,Min,0.012440325363641203,11
10,client_3,3,5,SPOOFING,1,32,Max,0.03325014617007944,8
10,client_3,3,5,SPOOFING,1,33,AVG,0.3223890597810542,3
10,client_3,3,5,SPOOFING,1,34,Std,0.13794831709003424,5
10,client_3,3,5,SPOOFING,1,35,Tot size,0.26843498962047346,4
10,client_3,3,5,SPOOFING,1,36,IAT,0.10633055178193773,6
10,client_3,3,5,SPOOFING,1,37,Number,0.020786422237325523,9
10,client_3,3,5,SPOOFING,1,38,Variance,0.4313685807629287,2
10,client_4,4,5,SPOOFING,0,0,Header_Length,0.0,1
10,client_4,4,5,SPOOFING,0,1,Protocol Type,0.0,2
10,client_4,4,5,SPOOFING,0,2,Time_To_Live,0.0,3
10,client_4,4,5,SPOOFING,0,3,Rate,0.0,4
10,client_4,4,5,SPOOFING,0,4,fin_flag_number,0.0,5
10,client_4,4,5,SPOOFING,0,5,syn_flag_number,0.0,6
10,client_4,4,5,SPOOFING,0,6,rst_flag_number,0.0,7
10,client_4,4,5,SPOOFING,0,7,psh_flag_number,0.0,8
10,client_4,4,5,SPOOFING,0,8,ack_flag_number,0.0,9
10,client_4,4,5,SPOOFING,0,9,ece_flag_number,0.0,10
10,client_4,4,5,SPOOFING,0,10,cwr_flag_number,0.0,11
10,client_4,4,5,SPOOFING,0,11,ack_count,0.0,12
10,client_4,4,5,SPOOFING,0,12,syn_count,0.0,13
10,client_4,4,5,SPOOFING,0,13,fin_count,0.0,14
10,client_4,4,5,SPOOFING,0,14,rst_count,0.0,15
10,client_4,4,5,SPOOFING,0,15,HTTP,0.0,16
10,client_4,4,5,SPOOFING,0,16,HTTPS,0.0,17
10,client_4,4,5,SPOOFING,0,17,DNS,0.0,18
10,client_4,4,5,SPOOFING,0,18,Telnet,0.0,19
10,client_4,4,5,SPOOFING,0,19,SMTP,0.0,20
10,client_4,4,5,SPOOFING,0,20,SSH,0.0,21
10,client_4,4,5,SPOOFING,0,21,IRC,0.0,22
10,client_4,4,5,SPOOFING,0,22,TCP,0.0,23
10,client_4,4,5,SPOOFING,0,23,UDP,0.0,24
10,client_4,4,5,SPOOFING,0,24,DHCP,0.0,25
10,client_4,4,5,SPOOFING,0,25,ARP,0.0,26
10,client_4,4,5,SPOOFING,0,26,ICMP,0.0,27
10,client_4,4,5,SPOOFING,0,27,IGMP,0.0,28
10,client_4,4,5,SPOOFING,0,28,IPv,0.0,29
10,client_4,4,5,SPOOFING,0,29,LLC,0.0,30
10,client_4,4,5,SPOOFING,0,30,Tot sum,0.0,31
10,client_4,4,5,SPOOFING,0,31,Min,0.0,32
10,client_4,4,5,SPOOFING,0,32,Max,0.0,33
10,client_4,4,5,SPOOFING,0,33,AVG,0.0,34
10,client_4,4,5,SPOOFING,0,34,Std,0.0,35
10,client_4,4,5,SPOOFING,0,35,Tot size,0.0,36
10,client_4,4,5,SPOOFING,0,36,IAT,0.0,37
10,client_4,4,5,SPOOFING,0,37,Number,0.0,38
10,client_4,4,5,SPOOFING,0,38,Variance,0.0,39
10,client_5,5,5,SPOOFING,1,0,Header_Length,0.00027921341579590633,18
10,client_5,5,5,SPOOFING,1,1,Protocol Type,5.652437089657894e-05,21
10,client_5,5,5,SPOOFING,1,2,Time_To_Live,0.04805451903737731,6
10,client_5,5,5,SPOOFING,1,3,Rate,6.760355796335501e-05,20
10,client_5,5,5,SPOOFING,1,4,fin_flag_number,4.6982941201371124e-07,26
10,client_5,5,5,SPOOFING,1,5,syn_flag_number,0.0035355763597482368,12
10,client_5,5,5,SPOOFING,1,6,rst_flag_number,9.73121450077646e-06,25
10,client_5,5,5,SPOOFING,1,7,psh_flag_number,1.1289688398057924e-05,24
10,client_5,5,5,SPOOFING,1,8,ack_flag_number,0.018966539164260877,8
10,client_5,5,5,SPOOFING,1,9,ece_flag_number,0.0,32
10,client_5,5,5,SPOOFING,1,10,cwr_flag_number,0.0,33
10,client_5,5,5,SPOOFING,1,11,ack_count,0.0003151807960031704,17
10,client_5,5,5,SPOOFING,1,12,syn_count,0.0010265530342726144,15
10,client_5,5,5,SPOOFING,1,13,fin_count,0.002044845632306113,13
10,client_5,5,5,SPOOFING,1,14,rst_count,0.003671061410232162,11
10,client_5,5,5,SPOOFING,1,15,HTTP,4.057892456068516e-07,27
10,client_5,5,5,SPOOFING,1,16,HTTPS,5.4685125365464214e-05,22
10,client_5,5,5,SPOOFING,1,17,DNS,5.1842367134191936e-09,31
10,client_5,5,5,SPOOFING,1,18,Telnet,0.0,34
10,client_5,5,5,SPOOFING,1,19,SMTP,0.0,35
10,client_5,5,5,SPOOFING,1,20,SSH,0.0,36
10,client_5,5,5,SPOOFING,1,21,IRC,0.0,37
10,client_5,5,5,SPOOFING,1,22,TCP,9.078551880713307e-05,19
10,client_5,5,5,SPOOFING,1,23,UDP,0.004196670726285278,10
10,client_5,5,5,SPOOFING,1,24,DHCP,0.0,38
10,client_5,5,5,SPOOFING,1,25,ARP,1.7419220393907808e-07,28
10,client_5,5,5,SPOOFING,1,26,ICMP,1.3197751060441881e-05,23
10,client_5,5,5,SPOOFING,1,27,IGMP,0.0,39
10,client_5,5,5,SPOOFING,1,28,IPv,8.50622706811254e-08,30
10,client_5,5,5,SPOOFING,1,29,LLC,1.584226163312144e-07,29
10,client_5,5,5,SPOOFING,1,30,Tot sum,0.14330499719190556,4
10,client_5,5,5,SPOOFING,1,31,Min,0.0009985498243025163,16
10,client_5,5,5,SPOOFING,1,32,Max,0.027099641682544185,7
10,client_5,5,5,SPOOFING,1,33,AVG,0.0950073387376077,5
10,client_5,5,5,SPOOFING,1,34,Std,0.21969835109106256,3
10,client_5,5,5,SPOOFING,1,35,Tot size,0.23014631977152084,2
10,client_5,5,5,SPOOFING,1,36,IAT,0.001739465159134681,14
10,client_5,5,5,SPOOFING,1,37,Number,0.015000756795450383,9
10,client_5,5,5,SPOOFING,1,38,Variance,0.9303339002322597,1
10,client_1,1,6,WEB,0,0,Header_Length,0.0,1
10,client_1,1,6,WEB,0,1,Protocol Type,0.0,2
10,client_1,1,6,WEB,0,2,Time_To_Live,0.0,3
10,client_1,1,6,WEB,0,3,Rate,0.0,4
10,client_1,1,6,WEB,0,4,fin_flag_number,0.0,5
10,client_1,1,6,WEB,0,5,syn_flag_number,0.0,6
10,client_1,1,6,WEB,0,6,rst_flag_number,0.0,7
10,client_1,1,6,WEB,0,7,psh_flag_number,0.0,8
10,client_1,1,6,WEB,0,8,ack_flag_number,0.0,9
10,client_1,1,6,WEB,0,9,ece_flag_number,0.0,10
10,client_1,1,6,WEB,0,10,cwr_flag_number,0.0,11
10,client_1,1,6,WEB,0,11,ack_count,0.0,12
10,client_1,1,6,WEB,0,12,syn_count,0.0,13
10,client_1,1,6,WEB,0,13,fin_count,0.0,14
10,client_1,1,6,WEB,0,14,rst_count,0.0,15
10,client_1,1,6,WEB,0,15,HTTP,0.0,16
10,client_1,1,6,WEB,0,16,HTTPS,0.0,17
10,client_1,1,6,WEB,0,17,DNS,0.0,18
10,client_1,1,6,WEB,0,18,Telnet,0.0,19
10,client_1,1,6,WEB,0,19,SMTP,0.0,20
10,client_1,1,6,WEB,0,20,SSH,0.0,21
10,client_1,1,6,WEB,0,21,IRC,0.0,22
10,client_1,1,6,WEB,0,22,TCP,0.0,23
10,client_1,1,6,WEB,0,23,UDP,0.0,24
10,client_1,1,6,WEB,0,24,DHCP,0.0,25
10,client_1,1,6,WEB,0,25,ARP,0.0,26
10,client_1,1,6,WEB,0,26,ICMP,0.0,27
10,client_1,1,6,WEB,0,27,IGMP,0.0,28
10,client_1,1,6,WEB,0,28,IPv,0.0,29
10,client_1,1,6,WEB,0,29,LLC,0.0,30
10,client_1,1,6,WEB,0,30,Tot sum,0.0,31
10,client_1,1,6,WEB,0,31,Min,0.0,32
10,client_1,1,6,WEB,0,32,Max,0.0,33
10,client_1,1,6,WEB,0,33,AVG,0.0,34
10,client_1,1,6,WEB,0,34,Std,0.0,35
10,client_1,1,6,WEB,0,35,Tot size,0.0,36
10,client_1,1,6,WEB,0,36,IAT,0.0,37
10,client_1,1,6,WEB,0,37,Number,0.0,38
10,client_1,1,6,WEB,0,38,Variance,0.0,39
10,client_2,2,6,WEB,0,0,Header_Length,0.0,1
10,client_2,2,6,WEB,0,1,Protocol Type,0.0,2
10,client_2,2,6,WEB,0,2,Time_To_Live,0.0,3
10,client_2,2,6,WEB,0,3,Rate,0.0,4
10,client_2,2,6,WEB,0,4,fin_flag_number,0.0,5
10,client_2,2,6,WEB,0,5,syn_flag_number,0.0,6
10,client_2,2,6,WEB,0,6,rst_flag_number,0.0,7
10,client_2,2,6,WEB,0,7,psh_flag_number,0.0,8
10,client_2,2,6,WEB,0,8,ack_flag_number,0.0,9
10,client_2,2,6,WEB,0,9,ece_flag_number,0.0,10
10,client_2,2,6,WEB,0,10,cwr_flag_number,0.0,11
10,client_2,2,6,WEB,0,11,ack_count,0.0,12
10,client_2,2,6,WEB,0,12,syn_count,0.0,13
10,client_2,2,6,WEB,0,13,fin_count,0.0,14
10,client_2,2,6,WEB,0,14,rst_count,0.0,15
10,client_2,2,6,WEB,0,15,HTTP,0.0,16
10,client_2,2,6,WEB,0,16,HTTPS,0.0,17
10,client_2,2,6,WEB,0,17,DNS,0.0,18
10,client_2,2,6,WEB,0,18,Telnet,0.0,19
10,client_2,2,6,WEB,0,19,SMTP,0.0,20
10,client_2,2,6,WEB,0,20,SSH,0.0,21
10,client_2,2,6,WEB,0,21,IRC,0.0,22
10,client_2,2,6,WEB,0,22,TCP,0.0,23
10,client_2,2,6,WEB,0,23,UDP,0.0,24
10,client_2,2,6,WEB,0,24,DHCP,0.0,25
10,client_2,2,6,WEB,0,25,ARP,0.0,26
10,client_2,2,6,WEB,0,26,ICMP,0.0,27
10,client_2,2,6,WEB,0,27,IGMP,0.0,28
10,client_2,2,6,WEB,0,28,IPv,0.0,29
10,client_2,2,6,WEB,0,29,LLC,0.0,30
10,client_2,2,6,WEB,0,30,Tot sum,0.0,31
10,client_2,2,6,WEB,0,31,Min,0.0,32
10,client_2,2,6,WEB,0,32,Max,0.0,33
10,client_2,2,6,WEB,0,33,AVG,0.0,34
10,client_2,2,6,WEB,0,34,Std,0.0,35
10,client_2,2,6,WEB,0,35,Tot size,0.0,36
10,client_2,2,6,WEB,0,36,IAT,0.0,37
10,client_2,2,6,WEB,0,37,Number,0.0,38
10,client_2,2,6,WEB,0,38,Variance,0.0,39
10,client_3,3,6,WEB,1,0,Header_Length,0.000339908016944907,18
10,client_3,3,6,WEB,1,1,Protocol Type,0.00021381979745888424,20
10,client_3,3,6,WEB,1,2,Time_To_Live,0.06742614647279954,7
10,client_3,3,6,WEB,1,3,Rate,8.680927146920835e-05,21
10,client_3,3,6,WEB,1,4,fin_flag_number,4.310411798995002e-05,25
10,client_3,3,6,WEB,1,5,syn_flag_number,0.005238302868788366,14
10,client_3,3,6,WEB,1,6,rst_flag_number,3.4308005588180395e-05,27
10,client_3,3,6,WEB,1,7,psh_flag_number,8.183263053564012e-05,22
10,client_3,3,6,WEB,1,8,ack_flag_number,0.015110241402041842,10
10,client_3,3,6,WEB,1,9,ece_flag_number,0.0,34
10,client_3,3,6,WEB,1,10,cwr_flag_number,0.0,35
10,client_3,3,6,WEB,1,11,ack_count,0.0029090558585828266,16
10,client_3,3,6,WEB,1,12,syn_count,0.005694756823377985,11
10,client_3,3,6,WEB,1,13,fin_count,0.003889677279587378,15
10,client_3,3,6,WEB,1,14,rst_count,0.002627958364573881,17
10,client_3,3,6,WEB,1,15,HTTP,1.304603174485949e-05,28
10,client_3,3,6,WEB,1,16,HTTPS,4.267004274039139e-05,26
10,client_3,3,6,WEB,1,17,DNS,2.7058305498561646e-06,32
10,client_3,3,6,WEB,1,18,Telnet,0.0,36
10,client_3,3,6,WEB,1,19,SMTP,0.0,37
10,client_3,3,6,WEB,1,20,SSH,4.93420165921966e-05,24
10,client_3,3,6,WEB,1,21,IRC,0.0,38
10,client_3,3,6,WEB,1,22,TCP,7.56129745604507e-05,23
10,client_3,3,6,WEB,1,23,UDP,0.005323259393663593,13
10,client_3,3,6,WEB,1,24,DHCP,8.401301219543708e-07,33
10,client_3,3,6,WEB,1,25,ARP,7.776797049290306e-06,29
10,client_3,3,6,WEB,1,26,ICMP,0.0002584537385680849,19
10,client_3,3,6,WEB,1,27,IGMP,0.0,39
10,client_3,3,6,WEB,1,28,IPv,3.7166321203208766e-06,31
10,client_3,3,6,WEB,1,29,LLC,5.61024337197341e-06,30
10,client_3,3,6,WEB,1,30,Tot sum,0.6639412755808834,1
10,client_3,3,6,WEB,1,31,Min,0.005554748422421204,12
10,client_3,3,6,WEB,1,32,Max,0.02788893698554058,9
10,client_3,3,6,WEB,1,33,AVG,0.1587278250756361,4
10,client_3,3,6,WEB,1,34,Std,0.11630332089785833,6
10,client_3,3,6,WEB,1,35,Tot size,0.1406854589343097,5
10,client_3,3,6,WEB,1,36,IAT,0.6155681214693276,2
10,client_3,3,6,WEB,1,37,Number,0.0296977098596171,8
10,client_3,3,6,WEB,1,38,Variance,0.3393527949162251,3
10,client_4,4,6,WEB,0,0,Header_Length,0.0,1
10,client_4,4,6,WEB,0,1,Protocol Type,0.0,2
10,client_4,4,6,WEB,0,2,Time_To_Live,0.0,3
10,client_4,4,6,WEB,0,3,Rate,0.0,4
10,client_4,4,6,WEB,0,4,fin_flag_number,0.0,5
10,client_4,4,6,WEB,0,5,syn_flag_number,0.0,6
10,client_4,4,6,WEB,0,6,rst_flag_number,0.0,7
10,client_4,4,6,WEB,0,7,psh_flag_number,0.0,8
10,client_4,4,6,WEB,0,8,ack_flag_number,0.0,9
10,client_4,4,6,WEB,0,9,ece_flag_number,0.0,10
10,client_4,4,6,WEB,0,10,cwr_flag_number,0.0,11
10,client_4,4,6,WEB,0,11,ack_count,0.0,12
10,client_4,4,6,WEB,0,12,syn_count,0.0,13
10,client_4,4,6,WEB,0,13,fin_count,0.0,14
10,client_4,4,6,WEB,0,14,rst_count,0.0,15
10,client_4,4,6,WEB,0,15,HTTP,0.0,16
10,client_4,4,6,WEB,0,16,HTTPS,0.0,17
10,client_4,4,6,WEB,0,17,DNS,0.0,18
10,client_4,4,6,WEB,0,18,Telnet,0.0,19
10,client_4,4,6,WEB,0,19,SMTP,0.0,20
10,client_4,4,6,WEB,0,20,SSH,0.0,21
10,client_4,4,6,WEB,0,21,IRC,0.0,22
10,client_4,4,6,WEB,0,22,TCP,0.0,23
10,client_4,4,6,WEB,0,23,UDP,0.0,24
10,client_4,4,6,WEB,0,24,DHCP,0.0,25
10,client_4,4,6,WEB,0,25,ARP,0.0,26
10,client_4,4,6,WEB,0,26,ICMP,0.0,27
10,client_4,4,6,WEB,0,27,IGMP,0.0,28
10,client_4,4,6,WEB,0,28,IPv,0.0,29
10,client_4,4,6,WEB,0,29,LLC,0.0,30
10,client_4,4,6,WEB,0,30,Tot sum,0.0,31
10,client_4,4,6,WEB,0,31,Min,0.0,32
10,client_4,4,6,WEB,0,32,Max,0.0,33
10,client_4,4,6,WEB,0,33,AVG,0.0,34
10,client_4,4,6,WEB,0,34,Std,0.0,35
10,client_4,4,6,WEB,0,35,Tot size,0.0,36
10,client_4,4,6,WEB,0,36,IAT,0.0,37
10,client_4,4,6,WEB,0,37,Number,0.0,38
10,client_4,4,6,WEB,0,38,Variance,0.0,39
10,client_5,5,6,WEB,0,0,Header_Length,0.0,1
10,client_5,5,6,WEB,0,1,Protocol Type,0.0,2
10,client_5,5,6,WEB,0,2,Time_To_Live,0.0,3
10,client_5,5,6,WEB,0,3,Rate,0.0,4
10,client_5,5,6,WEB,0,4,fin_flag_number,0.0,5
10,client_5,5,6,WEB,0,5,syn_flag_number,0.0,6
10,client_5,5,6,WEB,0,6,rst_flag_number,0.0,7
10,client_5,5,6,WEB,0,7,psh_flag_number,0.0,8
10,client_5,5,6,WEB,0,8,ack_flag_number,0.0,9
10,client_5,5,6,WEB,0,9,ece_flag_number,0.0,10
10,client_5,5,6,WEB,0,10,cwr_flag_number,0.0,11
10,client_5,5,6,WEB,0,11,ack_count,0.0,12
10,client_5,5,6,WEB,0,12,syn_count,0.0,13
10,client_5,5,6,WEB,0,13,fin_count,0.0,14
10,client_5,5,6,WEB,0,14,rst_count,0.0,15
10,client_5,5,6,WEB,0,15,HTTP,0.0,16
10,client_5,5,6,WEB,0,16,HTTPS,0.0,17
10,client_5,5,6,WEB,0,17,DNS,0.0,18
10,client_5,5,6,WEB,0,18,Telnet,0.0,19
10,client_5,5,6,WEB,0,19,SMTP,0.0,20
10,client_5,5,6,WEB,0,20,SSH,0.0,21
10,client_5,5,6,WEB,0,21,IRC,0.0,22
10,client_5,5,6,WEB,0,22,TCP,0.0,23
10,client_5,5,6,WEB,0,23,UDP,0.0,24
10,client_5,5,6,WEB,0,24,DHCP,0.0,25
10,client_5,5,6,WEB,0,25,ARP,0.0,26
10,client_5,5,6,WEB,0,26,ICMP,0.0,27
10,client_5,5,6,WEB,0,27,IGMP,0.0,28
10,client_5,5,6,WEB,0,28,IPv,0.0,29
10,client_5,5,6,WEB,0,29,LLC,0.0,30
10,client_5,5,6,WEB,0,30,Tot sum,0.0,31
10,client_5,5,6,WEB,0,31,Min,0.0,32
10,client_5,5,6,WEB,0,32,Max,0.0,33
10,client_5,5,6,WEB,0,33,AVG,0.0,34
10,client_5,5,6,WEB,0,34,Std,0.0,35
10,client_5,5,6,WEB,0,35,Tot size,0.0,36
10,client_5,5,6,WEB,0,36,IAT,0.0,37
10,client_5,5,6,WEB,0,37,Number,0.0,38
10,client_5,5,6,WEB,0,38,Variance,0.0,39
