round,client_id,num_examples,size_weight,shap_weight,performance_weight,final_weight,local_loss,local_accuracy,local_balanced_accuracy,local_precision,local_recall,local_f1,shap_source_round,shap_calculated
1,1,478837,0.18579326780371536,0.18576572760568458,0.19937943791502463,0.18782706229070717,0.6579506397247314,0.805630273160137,0.2423706970258287,0.24175455953825184,0.2423706970258287,0.22121429743713342,1,1
1,2,477793,0.185388185966708,0.20692541719131194,0.2060643451832606,0.1917201945328815,0.9886895418167114,0.6049527413373071,0.28682929026376924,0.2551841390519421,0.28682929026376924,0.2300180883936226,1,1
1,3,597080,0.23167266593901967,0.19837200666338808,0.20512644908387817,0.22269563451940375,0.7061810493469238,0.677057164486069,0.28107373275485054,0.26522681503920176,0.28107373275485054,0.2509866972564764,1,1
1,4,655763,0.2544422228749403,0.20577502897077357,0.22860896904372727,0.24326715571463334,0.7928341031074524,0.6761578860687686,0.277123458078365,0.2445199203795904,0.277123458078365,0.22270913216583726,1,1
1,5,367784,0.1427036574156167,0.20316181956884188,0.16082079877410937,0.1544899529423744,1.152970790863037,0.5186466116349636,0.2427363048920806,0.2124916431296035,0.2427363048920806,0.18810240864603817,1,1
2,1,478837,0.18579326780371536,0.18576572760568458,0.19196493965925915,0.1867148875523423,0.5820924043655396,0.7564113273744884,0.2700816954348172,0.24540192794056992,0.2700816954348172,0.21714635976278715,1,0
2,2,477793,0.185388185966708,0.20692541719131194,0.19778667330529115,0.19047854375118606,0.9137136340141296,0.6250366265100586,0.29598986972374774,0.2637038942874437,0.29598986972374774,0.24327939357620276,1,0
2,3,597080,0.23167266593901967,0.19837200666338808,0.19548872917566998,0.2212499765331725,0.6491139531135559,0.7528923903504364,0.2892628287863172,0.2849310578585113,0.2892628287863172,0.2644427512830246,1,0
2,4,655763,0.2544422228749403,0.20577502897077357,0.21868149928539932,0.24177803525088412,0.7217994928359985,0.6971471443995095,0.2913138998390016,0.2656169079196762,0.2913138998390016,0.23763709444425016,1,0
2,5,367784,0.1427036574156167,0.20316181956884188,0.19607815857438038,0.15977855691241502,1.055653691291809,0.5242802919072944,0.26981048802731966,0.2685673360873662,0.26981048802731966,0.2257565070896572,1,0
3,1,478837,0.18579326780371536,0.18576572760568458,0.19957062448897908,0.1878557402768003,0.5335784554481506,0.8099239829588172,0.2893158226310721,0.2647944652223948,0.2893158226310721,0.24397741184223873,1,0
3,2,477793,0.185388185966708,0.20692541719131194,0.19358249100313613,0.1898479164058628,0.8657022714614868,0.6290801932205377,0.30922135205618106,0.27151775357518565,0.30922135205618106,0.25512345221512045,1,0
3,3,597080,0.23167266593901967,0.19837200666338808,0.1876227399550309,0.22007007815007662,0.6255269646644592,0.7563156942741724,0.2933913748236569,0.28467508794127266,0.2933913748236569,0.2670116584073941,1,0
3,4,655763,0.2544422228749403,0.20577502897077357,0.22490023607979368,0.24271084577004326,0.6670923829078674,0.6974399326587004,0.3077678009955132,0.2687940475751362,0.3077678009955132,0.2549104290611685,1,0
3,5,367784,0.1427036574156167,0.20316181956884188,0.1943239084730602,0.159515419397217,1.0298190116882324,0.5435740154654312,0.2948607614010756,0.27302373155826704,0.2948607614010756,0.2416239543746985,1,0
4,1,478837,0.18579326780371536,0.18576572760568458,0.19752128635049704,0.18754833955602798,0.50128573179245,0.812212847715312,0.29149532604499784,0.2663873439167198,0.29149532604499784,0.2487719326752942,1,0
4,2,477793,0.185388185966708,0.20692541719131194,0.20193304927635558,0.1911005001468457,0.8260162472724915,0.6417048280019088,0.3269235373397374,0.27684632708680934,0.3269235373397374,0.270442552766398,1,0
4,3,597080,0.23167266593901967,0.19837200666338808,0.18417041980486998,0.21955223012755248,0.6051987409591675,0.7554380958123145,0.30125925909973034,0.26727302821454785,0.30125925909973034,0.26634452368827516,1,0
4,4,655763,0.2544422228749403,0.20577502897077357,0.22110764339220176,0.24214195686690448,0.635998010635376,0.7155135079083329,0.3081203522786721,0.2767888467570752,0.3081203522786721,0.26207574600150957,1,0
4,5,367784,0.1427036574156167,0.20316181956884188,0.1952676011760756,0.1596569733026693,0.9948580265045166,0.5389409116121244,0.2990376475134037,0.2558050280059373,0.2990376475134037,0.23900178317550602,1,0
5,1,478837,0.18579326780371536,0.19930223045917508,0.19597833690785926,0.1893473725676559,0.4952411651611328,0.8125386350346672,0.2951183976259242,0.27168720825569476,0.2951183976259242,0.255519538619177,5,1
5,2,477793,0.185388185966708,0.20020965333454727,0.19992892971285708,0.18979251763380625,0.7983418703079224,0.6448442431497962,0.3307190573291704,0.28486572056162174,0.3307190573291704,0.27195824757547993,5,1
5,3,597080,0.23167266593901967,0.19964029497699903,0.18695693975673747,0.22016045136737425,0.5888336300849915,0.7039210563337822,0.30879838069254684,0.27667418600479465,0.30879838069254684,0.2709736857669377,5,1
5,4,655763,0.2544422228749403,0.2001562737965512,0.21695495658459193,0.24067624056962966,0.61970454454422,0.7051500234840583,0.31119909677044344,0.2907575749070909,0.31119909677044344,0.2534282980549328,5,1
5,5,367784,0.1427036574156167,0.2006915474327275,0.20018083703795425,0.16002341786153396,0.9625111222267151,0.5529381056478189,0.3016712139019224,0.27395721174564625,0.3016712139019224,0.2555275853476857,5,1
6,1,478837,0.18579326780371536,0.19930223045917508,0.1924790286022143,0.18882247632180918,0.4851272702217102,0.8161390025895915,0.29526036286094176,0.2750229763902434,0.29526036286094176,0.2534807095911185,5,0
6,2,477793,0.185388185966708,0.20020965333454727,0.20028786828060938,0.1898463584189691,0.7735196352005005,0.6540866813451766,0.3374324306974027,0.2878557750202653,0.3374324306974027,0.27914495496327124,5,0
6,3,597080,0.23167266593901967,0.19964029497699903,0.1933667788805913,0.22112192723595234,0.5833433866500854,0.7611927300011389,0.31557682566182865,0.28850829217400126,0.31557682566182865,0.28484155926070714,5,0
6,4,655763,0.2544422228749403,0.2001562737965512,0.2181806584451763,0.24086009584871731,0.5963837504386902,0.7075899256439817,0.3144570627960479,0.28029319487835874,0.3144570627960479,0.25825388718490355,5,0
6,5,367784,0.1427036574156167,0.2006915474327275,0.1956856657914087,0.15934914217455212,0.9322210550308228,0.561791031790053,0.3106437719596251,0.27758307935491233,0.3106437719596251,0.2649208559773892,5,0
7,1,478837,0.18579326780371536,0.19930223045917508,0.19223540278459528,0.1887859324491663,0.466115266084671,0.8179600701695765,0.3021273574498211,0.2803891259865861,0.3021273574498211,0.2565387597276769,5,0
7,2,477793,0.185388185966708,0.20020965333454727,0.19416541687580458,0.1889279907082484,0.7617568373680115,0.6372091855101341,0.3399174126542797,0.27800637746797485,0.3399174126542797,0.2638236982790573,5,0
7,3,597080,0.23167266593901967,0.19964029497699903,0.19652819899605609,0.22159614025327204,0.5723537802696228,0.7645021471015804,0.3206437015928865,0.30439984044039126,0.3206437015928865,0.2952304527168778,5,0
7,4,655763,0.2544422228749403,0.2001562737965512,0.21903526357237466,0.24098828661779706,0.5881510972976685,0.8208318846414259,0.3174750410768389,0.27720353641415496,0.3174750410768389,0.27922639988214126,5,0
7,5,367784,0.1427036574156167,0.2006915474327275,0.19803571777116954,0.15970164997151623,0.9036792516708374,0.5679902552557452,0.3195206658096139,0.29561265856171026,0.3195206658096139,0.2698859209572323,5,0
8,1,478837,0.18579326780371536,0.19930223045917508,0.19031340706212585,0.1884976330907959,0.46702152490615845,0.8161974772366553,0.3088448449314892,0.269489201731983,0.3088448449314892,0.2598739964504663,5,0
8,2,477793,0.185388185966708,0.20020965333454727,0.1959861848503945,0.18920110590443687,0.7465168237686157,0.6541620273087259,0.34308813632489926,0.29467195945716756,0.34308813632489926,0.2865430206776975,5,0
8,3,597080,0.23167266593901967,0.19964029497699903,0.1992199860731074,0.22199990831482974,0.5761092305183411,0.7660027734791085,0.3264700894326558,0.31322205595535607,0.3264700894326558,0.3063114451969556,5,0
8,4,655763,0.2544422228749403,0.2001562737965512,0.21565854712117918,0.24048177915011773,0.5775996446609497,0.7076570229533796,0.3233873020400025,0.2789868225216755,0.3233873020400025,0.26585188231369106,5,0
8,5,367784,0.1427036574156167,0.2006915474327275,0.198821874893193,0.15981957353981976,0.8881049752235413,0.5625414641043209,0.33380824460847364,0.29286232112708954,0.33380824460847364,0.2784281663347499,5,0
9,1,478837,0.18579326780371536,0.19930223045917508,0.19013448879509282,0.18847079535074096,0.4563164710998535,0.8216857405396375,0.3146691477630941,0.27666128405163476,0.3146691477630941,0.264945700737463,5,0
9,2,477793,0.185388185966708,0.20020965333454727,0.19778057795901932,0.1894702648707306,0.7284666299819946,0.6503110113939841,0.3477526963418313,0.30186783247260607,0.3477526963418313,0.2876203868040616,5,0
9,3,597080,0.23167266593901967,0.19964029497699903,0.1943376805791907,0.22126756249074225,0.565189003944397,0.7682403145956013,0.3266813250833824,0.30652923724526454,0.3266813250833824,0.3079309893618366,5,0
9,4,655763,0.2544422228749403,0.2001562737965512,0.2197695749879873,0.24109843333013894,0.5642003417015076,0.7138604741949848,0.33910926152901927,0.30389913323470535,0.33910926152901927,0.2782815637793625,5,0
9,5,367784,0.1427036574156167,0.2006915474327275,0.1979776776787098,0.15969294395764727,0.8419508934020996,0.5812696444690963,0.3420944950720419,0.3140673547429577,0.3420944950720419,0.29157003323772307,5,0
10,1,478837,0.18579326780371536,0.2035067570802549,0.198875833678294,0.1904126760763831,0.45038774609565735,0.8216940940606465,0.334480826785156,0.3125350266524015,0.334480826785156,0.2804071088328396,10,1
10,2,477793,0.185388185966708,0.20392432086455445,0.2003182802130492,0.19040812033833615,0.7029843926429749,0.6694991167778718,0.35937598342834337,0.3081235858582207,0.35937598342834337,0.3002762421047353,10,1
10,3,597080,0.23167266593901967,0.20223509377824997,0.17502729789311677,0.2187602249080188,0.5542567372322083,0.7620167346637994,0.316143486078688,0.2897653753175345,0.316143486078688,0.28663555152312575,10,1
10,4,655763,0.2544422228749403,0.1901087527626945,0.22220195797121572,0.2399561626225447,0.5511680841445923,0.7188012760688296,0.34972014606916113,0.30631101824375084,0.34972014606916113,0.2858220188858183,10,1
10,5,367784,0.1427036574156167,0.200225075514246,0.2035766302443243,0.1604628160547172,0.7856398224830627,0.6390964359902988,0.35329487778531393,0.30660479017441594,0.35329487778531393,0.3066152918290581,10,1
