round,class,client_id,class_examples,class_weight,class_shap_weight
1,BENIGN,1,21631,0.2630812201395157,0.20642805501969322
1,BENIGN,2,30,0.10687221993885403,0.20183718436943454
1,BENIGN,3,10438,0.211750805676571,0.20139591768674708
1,BENIGN,4,1789,0.1389103369742004,0.18586972494847204
1,BENIGN,5,26561,0.2793854172708589,0.2044691179756531
1,DDOS,1,341991,0.20341293313521128,0.19435865127729046
1,DDOS,2,57981,0.13822060668981906,0.18895745400855976
1,DDOS,3,187864,0.1832532647980396,0.2090334324336206
1,DDOS,4,215204,0.18517021938415937,0.20179781272501496
1,DDOS,5,1059867,0.28994297599277075,0.20585264955551424
1,DOS,1,3279,0.13182813832893742,0.21171105873410237
1,DOS,2,27657,0.17527620858892196,0.1996912723454871
1,DOS,3,2609,0.12003039486642052,0.19372549777971174
1,DOS,4,53332,0.21075162384545254,0.21201059333898717
1,DOS,5,356149,0.36211363437026756,0.1828615778017117
1,MIRAI,1,55138,0.25294058468794794,0.20167997984924804
1,MIRAI,2,3315,0.13739833373267912,0.20020725782801513
1,MIRAI,3,7168,0.1551149264479322,0.20054809515782182
1,MIRAI,4,45697,0.24061768524909025,0.20429947686859917
1,MIRAI,5,32791,0.21392846988235054,0.1932651902963159
1,RECON,1,12816,0.23942846771562842,0.20044601311344748
1,RECON,2,1487,0.1484719861430372,0.20210965895596
1,RECON,3,11433,0.23216697314116846,0.20137368571118947
1,RECON,4,2528,0.160059130475434,0.19646699858105243
1,RECON,5,9535,0.21987344252473193,0.19960364363835056
1,SPOOFING,1,6746,0.2220630050834237,0.1939694992438977
1,SPOOFING,2,6043,0.2157114842715623,0.1946593659239654
1,SPOOFING,3,73,0.11012160288859583,0.19422064254175403
1,SPOOFING,4,3052,0.1838590378280336,0.19945806691678522
1,SPOOFING,5,10956,0.2682448699283846,0.21769242537359762
1,WEB,1,347,0.20740724386597856,0.215911415885942
1,WEB,2,11,0.12252175766330337,0.2096296692300121
1,WEB,3,398,0.21589590017894955,0.2187728261388683
1,WEB,4,613,0.2032277842106212,0.14208872212074716
1,WEB,5,729,0.2509473140811473,0.21359736662443038
2,BENIGN,1,21631,0.2583485843440989,0.19696278342885967
2,BENIGN,2,30,0.10074253122670036,0.18957780694512721
2,BENIGN,3,10438,0.21216170322297556,0.20221771277955616
2,BENIGN,4,1789,0.14818957272758404,0.20442819645523932
2,BENIGN,5,26561,0.2805576084786412,0.20681350039121768
2,DDOS,1,341991,0.17926331635053588,0.1460594177079397
2,DDOS,2,57981,0.1609087791539426,0.2343337989368069
2,DDOS,3,187864,0.19811309740022862,0.23875309763799865
2,DDOS,4,215204,0.16305240567820406,0.1575621853131043
2,DDOS,5,1059867,0.29866240141708883,0.2232915004041504
2,DOS,1,3279,0.1307885245966115,0.20963183126945054
2,DOS,2,27657,0.1786293951825542,0.20639764553275153
2,DOS,3,2609,0.11942450950064633,0.19251372704816336
2,DOS,4,53332,0.21260007079554838,0.21570748723917885
2,DOS,5,356149,0.35855749992463964,0.17574930891045584
2,MIRAI,1,55138,0.25211982461860144,0.200038459710555
2,MIRAI,2,3315,0.13672446431129587,0.19885951898524856
2,MIRAI,3,7168,0.15605459662366533,0.20242743550928807
2,MIRAI,4,45697,0.2384231847618375,0.19991047589409366
2,MIRAI,5,32791,0.21667792968459992,0.19876410990081467
2,RECON,1,12816,0.23954978450061626,0.2006886466834232
2,RECON,2,1487,0.14810367963678117,0.20137304594344796
2,RECON,3,11433,0.2318883727567879,0.20081648494242832
2,RECON,4,2528,0.16252323526641874,0.20139520816302192
2,RECON,5,9535,0.2179349278393959,0.1957266142676785
2,SPOOFING,1,6746,0.18593461663241106,0.12171272234187244
2,SPOOFING,2,6043,0.23405009213520245,0.23133658165124568
2,SPOOFING,3,73,0.12052267729728543,0.21502279135913321
2,SPOOFING,4,3052,0.1989081221131368,0.22955623548699167
2,SPOOFING,5,10956,0.2605844918219643,0.20237166916075694
2,WEB,1,347,0.21140195327450012,0.22390083470298516
2,WEB,2,11,0.08546026226798008,0.13550667843936554
2,WEB,3,398,0.21659249296562866,0.22016601171222647
2,WEB,4,613,0.2288417042940687,0.19331656228764207
2,WEB,5,729,0.2577035871978225,0.2271099128577808
3,BENIGN,1,21631,0.2684694296525259,0.2172044740457136
3,BENIGN,2,30,0.10077988102003568,0.18965250653179785
3,BENIGN,3,10438,0.2145394728968391,0.20697325212728332
3,BENIGN,4,1789,0.1360366102136312,0.18012227142733364
3,BENIGN,5,26561,0.28017460621696816,0.20604749586787158
3,DDOS,1,341991,0.1746605828618833,0.13685395073063453
3,DDOS,2,57981,0.16591210682128205,0.24434045427148576
3,DDOS,3,187864,0.19858286945591133,0.23969264174936408
3,DDOS,4,215204,0.15274021370829413,0.13693780137328448
3,DDOS,5,1059867,0.3081042271526292,0.24217515187523114
3,DOS,1,3279,0.13177518507862224,0.21160515223347207
3,DOS,2,27657,0.18203581233051958,0.21321047982868235
3,DOS,3,2609,0.12381355865108185,0.20129182534903445
3,DOS,4,53332,0.21012109088737585,0.21074952742283384
3,DOS,5,356149,0.3522543530524004,0.16314301516597737
3,MIRAI,1,55138,0.25239226860638225,0.2005833476861167
3,MIRAI,2,3315,0.13838207318919288,0.20217473674104267
3,MIRAI,3,7168,0.1559358174133419,0.20218987708864125
3,MIRAI,4,45697,0.23509734931288706,0.1932588049961929
3,MIRAI,5,32791,0.21819249147819575,0.20179323348800648
3,RECON,1,12816,0.24269371027943742,0.2069764982410655
3,RECON,2,1487,0.15118671927307586,0.2075391252160374
3,RECON,3,11433,0.23510383119082212,0.20724740181049675
3,RECON,4,2528,0.16542952596743843,0.2072077895650613
3,RECON,5,9535,0.20558621328922616,0.17102918516733906
3,SPOOFING,1,6746,0.2173927270102521,0.1846289430975545
3,SPOOFING,2,6043,0.22305717682968756,0.20935075104021592
3,SPOOFING,3,73,0.1090663741606011,0.19211018508576455
3,SPOOFING,4,3052,0.18826236850072087,0.2082647282621598
3,SPOOFING,5,10956,0.26222135349873843,0.2056453925143052
3,WEB,1,347,0.20368869672548828,0.20847432160496143
3,WEB,2,11,0.10529534227923934,0.17517683846188406
3,WEB,3,398,0.2118775425443986,0.2107361108697664
3,WEB,4,613,0.23031474673153213,0.19626264716256894
3,WEB,5,729,0.24882367171934172,0.20935008190081927
4,BENIGN,1,21631,0.25286990929554465,0.18600543333175115
4,BENIGN,2,30,0.10913923800831339,0.20637122050835327
4,BENIGN,3,10438,0.21370919844034875,0.20531270321430256
4,BENIGN,4,1789,0.14492044121855596,0.19788993343718317
4,BENIGN,5,26561,0.2793612130372373,0.20442070950840988
4,DDOS,1,341991,0.21547824913289665,0.21848928327266123
4,DDOS,2,57981,0.14372383100411132,0.1999639026371443
4,DDOS,3,187864,0.17664626314235576,0.19581942912225295
4,DDOS,4,215204,0.18367650647244982,0.19881038690159583
4,DDOS,5,1059867,0.2804751502481864,0.18691699806634557
4,DOS,1,3279,0.1298950440439923,0.20784487016421213
4,DOS,2,27657,0.17767612550642836,0.20449110618049987
4,DOS,3,2609,0.12922406810054737,0.21211284424796542
4,DOS,4,53332,0.2013525876656654,0.19321252097941288
4,DOS,5,356149,0.3618521746833666,0.1823386584279097
4,MIRAI,1,55138,0.2521428251959963,0.20008446086534473
4,MIRAI,2,3315,0.13750236733566343,0.2004153250339837
4,MIRAI,3,7168,0.15537101845099702,0.20106027916395142
4,MIRAI,4,45697,0.23774896329699693,0.19856203296441255
4,MIRAI,5,32791,0.21723482572034636,0.1998779019723076
4,RECON,1,12816,0.23960679799383322,0.20080267366985713
4,RECON,2,1487,0.1486418335319639,0.20244935373381343
4,RECON,3,11433,0.2298683199783514,0.19677637938555528
4,RECON,4,2528,0.16293768233239656,0.2022241022949776
4,RECON,5,9535,0.21894536616345495,0.1977474909157966
4,SPOOFING,1,6746,0.22637181848697513,0.20258712605100054
4,SPOOFING,2,6043,0.20327574384150027,0.16978788506384135
4,SPOOFING,3,73,0.1135885844662966,0.20115460569715557
4,SPOOFING,4,3052,0.19041347118294477,0.2125669336266076
4,SPOOFING,5,10956,0.2663503820222832,0.2139034495613948
4,WEB,1,347,0.19713682377847527,0.1953705757109354
4,WEB,2,11,0.11809327184162179,0.20077269758664892
4,WEB,3,398,0.2064729151703999,0.19992685612176891
4,WEB,4,613,0.23045139115679142,0.1965359360130875
4,WEB,5,729,0.2478455980527117,0.20739393456755914
5,BENIGN,1,21631,0.2707298257974084,0.22172526633547862
5,BENIGN,2,30,0.1146716761012906,0.2174360966943077
5,BENIGN,3,10438,0.21397159999740628,0.2058375063284176
5,BENIGN,4,1789,0.12994783658668646,0.16794472417344414
5,BENIGN,5,26561,0.27067906151720833,0.18705640646835192
5,DDOS,1,341991,0.1920915838288984,0.1717159526646647
5,DDOS,2,57981,0.162095603092364,0.23670744681364966
5,DDOS,3,187864,0.18713939310074115,0.21680568903902372
5,DDOS,4,215204,0.15845022938623587,0.14835783272916794
5,DDOS,5,1059867,0.30022319059176056,0.22641307875349384
5,DOS,1,3279,0.13526299661101374,0.218580775298255
5,DOS,2,27657,0.16652145075813518,0.18218175668391354
5,DOS,3,2609,0.13093182413149843,0.21552835630986755
5,DOS,4,53332,0.2025654284816643,0.19563820261141068
5,DOS,5,356149,0.36471830001768835,0.18807090909655327
5,MIRAI,1,55138,0.25254462547493267,0.20088806142321747
5,MIRAI,2,3315,0.13670022528972042,0.19881104094209767
5,MIRAI,3,7168,0.15482645350412996,0.19997114927021734
5,MIRAI,4,45697,0.23836008813276982,0.1997842826359583
5,MIRAI,5,32791,0.2175686075984472,0.20054546572850923
5,RECON,1,12816,0.2394521704457915,0.20049341857377367
5,RECON,2,1487,0.14845795722386723,0.2020816011176201
5,RECON,3,11433,0.2335264976013426,0.20409273463153768
5,RECON,4,2528,0.16476798295009976,0.20588470353038396
5,RECON,5,9535,0.21379539177889895,0.18744754214668458
5,SPOOFING,1,6746,0.2215251612800735,0.19289381163719727
5,SPOOFING,2,6043,0.22379046428429336,0.2108173259494275
5,SPOOFING,3,73,0.1046934621970629,0.18336436115868815
5,SPOOFING,4,3052,0.1849273416379,0.20159467453651808
5,SPOOFING,5,10956,0.2650635706006703,0.211329826718169
5,WEB,1,347,0.19045555281974075,0.18200803379346642
5,WEB,2,11,0.11509633695897872,0.19477882782136283
5,WEB,3,398,0.21086241213032428,0.20870585004161774
5,WEB,4,613,0.23504624778418887,0.20572564926788245
5,WEB,5,729,0.24853945030676733,0.20878163907567052
6,BENIGN,1,21631,0.26386113590685384,0.20798788655436964
6,BENIGN,2,30,0.10198326197811795,0.19205926844796245
6,BENIGN,3,10438,0.21398249138266506,0.2058592890989353
6,BENIGN,4,1789,0.14478275520440562,0.1976145614088825
6,BENIGN,5,26561,0.27539035552795743,0.19647899448985023
6,DDOS,1,341991,0.16696172775594728,0.12145624051876247
6,DDOS,2,57981,0.16758971995573563,0.2476956805403929
6,DDOS,3,187864,0.20099800658912928,0.24452291601579998
6,DDOS,4,215204,0.1561617332417096,0.1437808404401154
6,DDOS,5,1059867,0.30828881245747836,0.24254432248492944
6,DOS,1,3279,0.12870631464501184,0.20546741136625118
6,DOS,2,27657,0.1800176059402735,0.2091740670481901
6,DOS,3,2609,0.12330653281362858,0.20027777367412786
6,DOS,4,53332,0.2041042083875545,0.19871576242319108
6,DOS,5,356149,0.36386533821353156,0.18636498548823968
6,MIRAI,1,55138,0.2518818650119957,0.19956254049734354
6,MIRAI,2,3315,0.137133354138831,0.1996772986403188
6,MIRAI,3,7168,0.1548702550914865,0.20005875244493038
6,MIRAI,4,45697,0.23892115732762947,0.20090642102567766
6,MIRAI,5,32791,0.21719336843005735,0.19979498739172954
6,RECON,1,12816,0.2370502951353326,0.19568966795285583
6,RECON,2,1487,0.1485204385507975,0.2022065637714806
6,RECON,3,11433,0.2311128417042987,0.19926542283744988
6,RECON,4,2528,0.16264459837486822,0.20163793437992092
6,RECON,5,9535,0.22067182623470305,0.20120041105829278
6,SPOOFING,1,6746,0.22628732180716576,0.20241813269138179
6,SPOOFING,2,6043,0.21587600535315477,0.19498840808715032
6,SPOOFING,3,73,0.11317796787935538,0.20033337252327313
6,SPOOFING,4,3052,0.1842073392172059,0.20015466969512988
6,SPOOFING,5,10956,0.26045136574311833,0.20210541700306503
6,WEB,1,347,0.20121162901459294,0.20352018618317075
6,WEB,2,11,0.11127439310460789,0.18713494011262116
6,WEB,3,398,0.2079344988231553,0.20285002342727976
6,WEB,4,613,0.23314612221052627,0.2019253981205573
6,WEB,5,729,0.2464333568471176,0.204569452156371
7,BENIGN,1,21631,0.2647890907600987,0.20984379626085925
7,BENIGN,2,30,0.10019313982927668,0.18847902415027984
7,BENIGN,3,10438,0.21322469044510398,0.20434368722381302
7,BENIGN,4,1789,0.1470944950366485,0.20223804107336824
7,BENIGN,5,26561,0.27469858392887225,0.19509545129167977
7,DDOS,1,341991,0.20800723386086745,0.20354725272860277
7,DDOS,2,57981,0.14258221638522986,0.1976806733993814
7,DDOS,3,187864,0.19353420997180507,0.22959532278115155
7,DDOS,4,215204,0.18568098697741542,0.2028193479115271
7,DDOS,5,1059867,0.27019535280468227,0.1663574031793373
7,DOS,1,3279,0.1320527400059336,0.2121602620880947
7,DOS,2,27657,0.1814049279522364,0.21194871107211594
7,DOS,3,2609,0.11767452763838408,0.18901376332363887
7,DOS,4,53332,0.20925252718325826,0.20901240001459856
7,DOS,5,356149,0.3596152772201877,0.17786486350155198
7,MIRAI,1,55138,0.25189350183070874,0.19958581413476958
7,MIRAI,2,3315,0.13748887310445465,0.20038833657156616
7,MIRAI,3,7168,0.15489119504687388,0.20010063235570513
7,MIRAI,4,45697,0.23846396465049724,0.19999203567141316
7,MIRAI,5,32791,0.21726246536746546,0.1999331812665458
7,RECON,1,12816,0.23679171891726844,0.19517251551672754
7,RECON,2,1487,0.14786014961009952,0.2008859858900847
7,RECON,3,11433,0.2319575325932338,0.20095480461532012
7,RECON,4,2528,0.1628150778548787,0.20197889333994187
7,RECON,5,9535,0.2205755210245195,0.20100780063792573
7,SPOOFING,1,6746,0.22755168664528425,0.2049468623676188
7,SPOOFING,2,6043,0.21967086023225002,0.20257811784534085
7,SPOOFING,3,73,0.11151302434494323,0.19700348545444882
7,SPOOFING,4,3052,0.18700160929030746,0.205743209841333
7,SPOOFING,5,10956,0.2542628194872151,0.18972832449125854
7,WEB,1,347,0.20101837271185852,0.20313367357770196
7,WEB,2,11,0.12181832420948971,0.2082228023223848
7,WEB,3,398,0.21071837573443641,0.20841777724984198
7,WEB,4,613,0.23801390218091073,0.21166095806132615
7,WEB,5,729,0.22843102516330466,0.16856478878874512
8,BENIGN,1,21631,0.25818886268110985,0.19664334010288156
8,BENIGN,2,30,0.11613131100651569,0.22035536650475787
8,BENIGN,3,10438,0.21846526999425075,0.21482484632210655
8,BENIGN,4,1789,0.1388087087694097,0.18566646853889066
8,BENIGN,5,26561,0.26840584754871405,0.1825099785313634
8,DDOS,1,341991,0.21040804826614393,0.20834888153915576
8,DDOS,2,57981,0.14691515266819144,0.20634654596530452
8,DDOS,3,187864,0.17582383871979262,0.1941745802771267
8,DDOS,4,215204,0.19244163047826351,0.21634063491322325
8,DDOS,5,1059867,0.2744113298676085,0.17478935730518974
8,DOS,1,3279,0.12142497970720173,0.190904741490631
8,DOS,2,27657,0.17868615849794056,0.2065111721635243
8,DOS,3,2609,0.12492406371844988,0.20351283548377047
8,DOS,4,53332,0.2084304240622023,0.2073681937724867
8,DOS,5,356149,0.36653437401420547,0.19170305708958743
8,MIRAI,1,55138,0.25208233165910293,0.19996347379155796
8,MIRAI,2,3315,0.1373085370777911,0.20002766451823903
8,MIRAI,3,7168,0.15502464451327191,0.20036753128850124
8,MIRAI,4,45697,0.23849722390057265,0.200058554171564
8,MIRAI,5,32791,0.21708726284926147,0.1995827762301378
8,RECON,1,12816,0.23875627574657557,0.1991016291753418
8,RECON,2,1487,0.15056982659453716,0.20630533985896
8,RECON,3,11433,0.23456381054120085,0.20616736051125423
8,RECON,4,2528,0.16279873317111382,0.2019462039724121
8,RECON,5,9535,0.2133113539465725,0.1864794664820317
8,SPOOFING,1,6746,0.22222481062728053,0.19429311033161134
8,SPOOFING,2,6043,0.22082227329243165,0.20488094396570408
8,SPOOFING,3,73,0.10749328264903464,0.18896400206263164
8,SPOOFING,4,3052,0.18772273392391245,0.20718545910854297
8,SPOOFING,5,10956,0.2617368995073408,0.20467648453151005
8,WEB,1,347,0.2021373071259061,0.20537154240579714
8,WEB,2,11,0.11553113976543053,0.19564843343426644
8,WEB,3,398,0.20857110979768034,0.20412324537632986
8,WEB,4,613,0.22993170178095967,0.1954965572614241
8,WEB,5,729,0.2438287415300233,0.1993602215221824
9,BENIGN,1,21631,0.26421964394927,0.20870490263920177
9,BENIGN,2,30,0.09991094372929184,0.18791463195031016
9,BENIGN,3,10438,0.21268687607003056,0.20326805847366622
9,BENIGN,4,1789,0.1443518984953423,0.19675284799075587
9,BENIGN,5,26561,0.27883063775606537,0.203359558946066
9,DDOS,1,341991,0.2099706756583447,0.20747413632355735
9,DDOS,2,57981,0.14722610304331088,0.2069684467155434
9,DDOS,3,187864,0.19224172996977523,0.22701036277709188
9,DDOS,4,215204,0.1551926615164567,0.1418426969896096
9,DDOS,5,1059867,0.29536882981211254,0.21670435719419778
9,DOS,1,3279,0.1329550435404435,0.2139648691571145
9,DOS,2,27657,0.1815034890892151,0.21214583334607334
9,DOS,3,2609,0.1230869610486509,0.1998386301441725
9,DOS,4,53332,0.20913962716856144,0.20878659998520493
9,DOS,5,356149,0.3533148791531291,0.16526406736743476
9,MIRAI,1,55138,0.2522263294240194,0.20025146932139107
9,MIRAI,2,3315,0.13736622793298145,0.20014304622861978
9,MIRAI,3,7168,0.15506429119158777,0.200446824645133
9,MIRAI,4,45697,0.23826215690309288,0.19958842017660453
9,MIRAI,5,32791,0.21708099454831842,0.1995702396282518
9,RECON,1,12816,0.2424066898707046,0.20640245742359997
9,RECON,2,1487,0.1471973420700183,0.19956037080992228
9,RECON,3,11433,0.22712650516903024,0.19129274976691313
9,RECON,4,2528,0.1652799260334445,0.2069085896970735
9,RECON,5,9535,0.21798953685680222,0.19583583230249124
9,SPOOFING,1,6746,0.2230513721675979,0.1959462334122461
9,SPOOFING,2,6043,0.22015543156847633,0.20354726051779348
9,SPOOFING,3,73,0.11245729530306062,0.1988920273706836
9,SPOOFING,4,3052,0.1858968139915304,0.2035336192437789
9,SPOOFING,5,10956,0.25843908696933476,0.19808085945549794
9,WEB,1,347,0.19825312730867808,0.19760318277134106
9,WEB,2,11,0.11622952795256254,0.19704520980853046
9,WEB,3,398,0.20430670383237948,0.1955944334457281
9,WEB,4,613,0.23448750033261198,0.20460815436472868
9,WEB,5,729,0.24672314057376793,0.20514901960967166
10,BENIGN,1,21631,0.2667184200261948,0.21370245479305136
10,BENIGN,2,30,0.10017548457106847,0.18844371363386342
10,BENIGN,3,10438,0.2064894345444339,0.19087317542247284
10,BENIGN,4,1789,0.14970328491857415,0.20745562083721955
10,BENIGN,5,26561,0.27691337593972876,0.19952503531339277
10,DDOS,1,341991,0.18034124603172416,0.14821527707031623
10,DDOS,2,57981,0.16161143869929914,0.23573911802751993
10,DDOS,3,187864,0.1988123290615353,0.240151560960612
10,DDOS,4,215204,0.15582931128345723,0.1431159965236107
10,DDOS,5,1059867,0.30340567492398424,0.23277804741794123
10,DOS,1,3279,0.14421013954843362,0.23647506117309475
10,DOS,2,27657,0.18976607885503954,0.2286710128777222
10,DOS,3,2609,0.08776680772358772,0.12919832349404614
10,DOS,4,53332,0.21753823455718863,0.22558381476245934
10,DOS,5,356149,0.36071873931575055,0.1800717876926776
10,MIRAI,1,55138,0.25198329138199993,0.19976539323735204
10,MIRAI,2,3315,0.13698551889778315,0.19938162815822313
10,MIRAI,3,7168,0.15520470848877227,0.20072765923950192
10,MIRAI,4,45697,0.23833378393184254,0.19973167423410376
10,MIRAI,5,32791,0.21749269729960213,0.2003936451308191
10,RECON,1,12816,0.24094609282411283,0.20348126333041636
10,RECON,2,1487,0.14180944315087457,0.18878457297163478
10,RECON,3,11433,0.23512182150303151,0.20728338243491556
10,RECON,4,2528,0.16582773569053624,0.20800420901125696
10,RECON,5,9535,0.21629490683144484,0.1924465722517764
10,SPOOFING,1,6746,0.22150366935440263,0.19285082778585558
10,SPOOFING,2,6043,0.22123691096731213,0.20571021931546507
10,SPOOFING,3,73,0.10909936441455582,0.192176165593674
10,SPOOFING,4,3052,0.1857275859656409,0.20319516319199987
10,SPOOFING,5,10956,0.26243246929808856,0.2060676241130055
10,WEB,1,347,0.2014918777225859,0.20408068359915668
10,WEB,2,11,0.11902778532479363,0.20264172455299265
10,WEB,3,398,0.20412614012362276,0.1952333060282147
10,WEB,4,613,0.2290171405608116,0.19366743482112792
10,WEB,5,729,0.24633705626818614,0.20437685099850808
